time,count,p90,p99
1357710556000,1402,0.000604,0.001390
1357710557000,1104,0.000680,0.001792
1357710558000,1170,0.000670,0.001432
1357710559000,1320,0.000621,0.001636
1357710560000,1040,0.000615,0.001758
1357710561000,1189,0.000603,0.001652
1357710562000,1144,0.000607,0.001733
1357710563000,976,0.000576,0.001288
1357710564000,1037,0.000633,0.001487
1357710565000,1105,0.000612,0.001492
1357710566000,1035,0.000620,0.001829
1357710567000,1107,0.000683,0.001448
1357710568000,1222,0.000603,0.001714
1357710569000,1194,0.000686,0.001713
1357710570000,1223,0.000631,0.001718
1357710571000,1285,0.000617,0.001405
1357710572000,871,0.000594,0.001396
1357710573000,1095,0.000599,0.001588
1357710574000,958,0.000616,0.001562
1357710575000,1107,0.000684,0.001808
1357710576000,1256,0.000643,0.001540
1357710577000,1075,0.000611,0.001417
1357710578000,942,0.000666,0.001517
1357710579000,1005,0.000638,0.001646
1357710580000,909,0.000616,0.001455
1357710581000,1077,0.000667,0.001534
1357710582000,1118,0.000648,0.001355
1357710583000,1221,0.000628,0.001749
1357710584000,1202,0.000694,0.001855
1357710585000,1216,0.000621,0.001527
1357710586000,986,0.000622,0.001297
1357710587000,1364,0.000623,0.001724
1357710588000,732,0.000585,0.001750
1357710589000,907,0.000682,0.001285
1357710590000,1182,0.000655,0.001477
1357710591000,1200,0.000655,0.001396
1357710592000,1132,0.000612,0.001698
1357710593000,1118,0.000650,0.001436
1357710594000,1221,0.000714,0.001895
1357710595000,1629,0.000616,0.001502
1357710596000,1138,0.000690,0.001607
1357710597000,1252,0.000629,0.001478
1357710598000,1275,0.000648,0.001911
1357710599000,1005,0.000657,0.001488
1357710600000,1138,0.000722,0.001801
1357710601000,958,0.000762,0.001935
1357710602000,1221,0.000668,0.002028
1357710603000,1317,0.000654,0.001402
1357710604000,1101,0.000617,0.001990
1357710605000,1471,0.000642,0.001447
1357710606000,1237,0.000619,0.001546
1357710607000,1140,0.000627,0.001779
1357710608000,1034,0.000676,0.001602
1357710609000,964,0.000647,0.001612
1357710610000,1494,0.000644,0.001694
1357710611000,1278,0.000578,0.001593
1357710612000,1073,0.000632,0.001572
1357710613000,1222,0.000761,0.002832
1357710614000,1359,0.000593,0.001424
1357710615000,1396,0.000623,0.001725
1357710616000,1312,0.000648,0.001458
1357710617000,1198,0.000604,0.001605
1357710618000,1389,0.000655,0.001581
1357710619000,1239,0.000657,0.001609
1357710620000,1064,0.000608,0.001643
1357710621000,1244,0.000703,0.001829
1357710622000,1254,0.000580,0.001692
1357710623000,1427,0.000621,0.001674
1357710624000,1163,0.000698,0.001649
1357710625000,1263,0.000654,0.001650
1357710626000,1169,0.000653,0.001457
1357710627000,1079,0.000684,0.001449
1357710628000,1418,0.000635,0.001629
1357710629000,1225,0.000630,0.001619
1357710630000,1149,0.000640,0.001375
1357710631000,1171,0.000667,0.001795
1357710632000,917,0.000674,0.001945
1357710633000,1142,0.000592,0.001864
1357710634000,885,0.000594,0.001892
1357710635000,1235,0.000657,0.001673
1357710636000,1284,0.000631,0.001552
1357710637000,1158,0.000610,0.001539
1357710638000,1170,0.000625,0.001713
1357710639000,1278,0.000621,0.001415
1357710640000,1174,0.000636,0.001586
1357710641000,1277,0.000638,0.001339
1357710642000,1146,0.000676,0.001743
1357710643000,978,0.000618,0.001549
1357710644000,1202,0.000649,0.001869
1357710645000,1162,0.000638,0.001424
1357710646000,1267,0.000653,0.001668
1357710647000,1449,0.000634,0.001400
1357710648000,1027,0.000672,0.001959
1357710649000,1126,0.000619,0.001412
1357710650000,1051,0.000679,0.001844
1357710651000,1232,0.000689,0.001566
1357710652000,1147,0.000617,0.001613
1357710653000,1241,0.000646,0.001648
1357710654000,1218,0.000666,0.001616
1357710655000,1211,0.000686,0.001595
1357710656000,1117,0.000605,0.001407
1357710657000,1191,0.000632,0.001486
1357710658000,1157,0.000643,0.002425
1357710659000,1169,0.000632,0.001478
1357710660000,1091,0.000634,0.001476
1357710661000,1120,0.000668,0.001682
1357710662000,1253,0.000644,0.001519
1357710663000,1092,0.000634,0.001983
1357710664000,1282,0.000586,0.001655
1357710665000,1205,0.000630,0.001696
1357710666000,1279,0.000641,0.001415
1357710667000,782,0.000637,0.002095
1357710668000,1013,0.000688,0.002237
1357710669000,1104,0.000712,0.002123
1357710670000,937,0.000659,0.001387
1357710671000,1104,0.000630,0.001564
1357710672000,859,0.000644,0.001447
1357710673000,1046,0.000617,0.001609
1357710674000,1066,0.000631,0.001494
1357710675000,1093,0.000630,0.001770
1357710676000,1141,0.000636,0.001474
1357710677000,1264,0.000661,0.001424
1357710678000,1048,0.000704,0.002007
1357710679000,1176,0.001158,0.006585
1357710680000,1295,0.000649,0.001764
1357710681000,1118,0.000588,0.001448
1357710682000,959,0.000718,0.001888
1357710683000,879,0.000585,0.001592
1357710684000,978,0.000629,0.001539
1357710685000,922,0.000733,0.001974
1357710686000,1382,0.000642,0.002028
1357710687000,814,0.000683,0.002172
1357710688000,1022,0.000669,0.001667
1357710689000,1021,0.000630,0.001623
1357710690000,1112,0.000624,0.001848
1357710691000,764,0.000633,0.001562
1357710692000,1011,0.000611,0.002031
1357710693000,937,0.000595,0.003014
1357710694000,1100,0.000642,0.001662
1357710695000,1102,0.000699,0.001506
1357710696000,1051,0.000622,0.001594
1357710697000,1355,0.000651,0.001575
1357710698000,1185,0.000584,0.001719
1357710699000,857,0.000622,0.001591
1357710700000,975,0.000636,0.001540
1357710701000,971,0.000612,0.001548
1357710702000,1023,0.000657,0.001534
1357710703000,1284,0.000637,0.002069
1357710704000,1104,0.000568,0.001355
1357710705000,788,0.000662,0.001512
1357710706000,1070,0.000621,0.001332
1357710707000,1200,0.000644,0.001653
1357710708000,1016,0.000649,0.001537
1357710709000,1034,0.000656,0.001535
1357710710000,1410,0.000801,0.003180
1357710711000,1218,0.000646,0.001633
1357710712000,1012,0.000613,0.001732
1357710713000,1108,0.000612,0.002184
1357710714000,1144,0.000646,0.001754
1357710715000,1337,0.000661,0.001509
1357710716000,1095,0.000656,0.001653
1357710717000,958,0.000632,0.001483
1357710718000,1224,0.000663,0.001964
1357710719000,1217,0.000626,0.001775
1357710720000,1098,0.000614,0.001463
1357710721000,1011,0.000661,0.001465
1357710722000,784,0.000557,0.001552
1357710723000,1111,0.000661,0.001481
1357710724000,1017,0.000596,0.002058
1357710725000,805,0.000674,0.001370
1357710726000,737,0.000659,0.001545
1357710727000,1086,0.000680,0.001771
1357710728000,1099,0.000717,0.001581
1357710729000,828,0.000641,0.001455
1357710730000,1187,0.000613,0.001910
1357710731000,1116,0.000628,0.001573
1357710732000,890,0.000641,0.001549
1357710733000,1062,0.000600,0.002032
1357710734000,842,0.000591,0.001476
1357710735000,974,0.000648,0.001641
1357710736000,1224,0.000670,0.001595
1357710737000,945,0.000622,0.001503
1357710738000,1150,0.000639,0.001692
1357710739000,1109,0.000607,0.001341
1357710740000,1058,0.000600,0.001740
1357710741000,1117,0.000626,0.001669
1357710742000,1196,0.000619,0.001525
1357710743000,1179,0.000659,0.001781
1357710744000,1109,0.000640,0.002099
1357710745000,1178,0.000684,0.001558
1357710746000,1055,0.000632,0.001589
1357710747000,1172,0.000627,0.001652
1357710748000,1064,0.000601,0.001373
1357710749000,1112,0.000694,0.001697
1357710750000,1164,0.000645,0.001453
1357710751000,1331,0.000672,0.001745
1357710752000,981,0.000685,0.001695
1357710753000,922,0.000646,0.001894
1357710754000,1077,0.000717,0.002145
1357710755000,930,0.000644,0.001683
1357710756000,305,0.000914,0.002772
1357710757000,488,0.000852,0.001942
1357710758000,451,0.000976,0.003562
1357710759000,523,0.000869,0.003143
1357710760000,664,0.000887,0.002185
1357710761000,544,0.000916,0.002845
1357710762000,583,0.001051,0.002659
1357710763000,477,0.000850,0.003693
1357710764000,441,0.000937,0.003558
1357710765000,672,0.001072,0.005341
1357710766000,440,0.000961,0.004351
1357710767000,440,0.000981,0.003629
1357710768000,511,0.000986,0.002041
1357710769000,309,0.000887,0.002016
1357710770000,350,0.000859,0.001804
1357710771000,497,0.000783,0.002055
1357710772000,518,0.000885,0.002268
1357710773000,705,0.000916,0.002264
1357710774000,438,0.000870,0.003473
1357710775000,633,0.001034,0.002928
1357710776000,681,0.000814,0.002283
1357710777000,703,0.001065,0.002795
1357710778000,578,0.000864,0.003177
1357710779000,434,0.000980,0.003305
1357710780000,439,0.000851,0.003600
1357710781000,398,0.001081,0.002502
1357710782000,491,0.000782,0.001716
1357710783000,386,0.000789,0.002608
1357710784000,445,0.000877,0.002146
1357710785000,351,0.001005,0.002379
1357710786000,623,0.001026,0.002378
1357710787000,671,0.000876,0.002018
1357710788000,682,0.000895,0.003807
1357710789000,455,0.000975,0.001932
1357710790000,407,0.001940,0.003616
1357710791000,473,0.000817,0.002399
1357710792000,579,0.001000,0.002563
1357710793000,432,0.001100,0.005480
1357710794000,642,0.001021,0.005405
1357710795000,509,0.000886,0.006772
1357710796000,587,0.000943,0.002509
1357710797000,658,0.000758,0.002147
1357710798000,477,0.000934,0.003806
1357710799000,726,0.000996,0.003053
1357710800000,337,0.000975,0.002944
1357710801000,413,0.000836,0.002994
1357710802000,418,0.000975,0.001940
1357710803000,616,0.000835,0.002301
1357710804000,489,0.000769,0.002016
1357710805000,437,0.000883,0.002043
1357710806000,551,0.001015,0.002417
1357710807000,696,0.000913,0.002268
1357710808000,436,0.000813,0.002242
1357710809000,320,0.000812,0.002855
1357710810000,789,0.000872,0.002749
1357710811000,435,0.000921,0.002296
1357710812000,591,0.000946,0.001894
1357710813000,442,0.000864,0.002010
1357710814000,360,0.001058,0.010405
1357710815000,540,0.000836,0.001811
1357710816000,616,0.000818,0.001759
1357710817000,631,0.000874,0.002146
1357710818000,291,0.000879,0.001644
1357710819000,602,0.000888,0.002400
1357710820000,835,0.000967,0.002789
1357710821000,451,0.000748,0.002479
1357710822000,314,0.000887,0.002288
1357710823000,465,0.000958,0.003017
1357710824000,600,0.000840,0.002297
1357710825000,452,0.000928,0.003035
1357710826000,529,0.000861,0.002054
1357710827000,457,0.000903,0.001954
1357710828000,422,0.000794,0.002042
1357710829000,385,0.000903,0.003016
1357710830000,546,0.000941,0.002364
1357710831000,552,0.000928,0.003682
1357710832000,599,0.000981,0.002366
1357710833000,499,0.000838,0.004147
1357710834000,435,0.001043,0.002288
1357710835000,850,0.000864,0.002027
1357710836000,574,0.000921,0.002694
1357710837000,313,0.000860,0.002585
1357710838000,555,0.000912,0.002112
1357710839000,561,0.000864,0.002583
1357710840000,547,0.000887,0.002069
1357710841000,355,0.001027,0.002010
1357710842000,548,0.000955,0.005082
1357710843000,455,0.001047,0.003886
1357710844000,541,0.000878,0.002131
1357710845000,510,0.000911,0.001960
1357710846000,239,0.000859,0.002070
1357710847000,329,0.000841,0.002093
1357710848000,721,0.000975,0.002073
1357710849000,377,0.000889,0.002346
1357710850000,689,0.000931,0.002232
1357710851000,556,0.000886,0.001980
1357710852000,402,0.000930,0.002125
1357710853000,797,0.000818,0.001965
1357710854000,706,0.000842,0.002001
1357710855000,649,0.000936,0.002022
1357710856000,428,0.000909,0.004189
1357710857000,586,0.000924,0.001977
1357710858000,449,0.000871,0.002317
1357710859000,485,0.000877,0.001787
1357710860000,628,0.000925,0.001866
1357710861000,563,0.000969,0.002297
1357710862000,791,0.000965,0.003102
1357710863000,418,0.000766,0.002290
1357710864000,651,0.000886,0.002091
1357710865000,650,0.000951,0.002812
1357710866000,567,0.000872,0.002368
1357710867000,621,0.001036,0.004305
1357710868000,506,0.000934,0.001870
1357710869000,638,0.000853,0.001925
1357710870000,539,0.000800,0.001641
1357710871000,613,0.000937,0.002135
1357710872000,389,0.000946,0.001761
1357710873000,637,0.001059,0.009916
1357710874000,580,0.001037,0.002763
1357710875000,327,0.000802,0.001678
1357710876000,624,0.001013,0.002787
1357710877000,519,0.000907,0.005570
1357710878000,331,0.000790,0.001919
1357710879000,339,0.000764,0.002576
1357710880000,691,0.000921,0.002163
1357710881000,421,0.000946,0.001941
1357710882000,522,0.000841,0.001935
1357710883000,523,0.000907,0.001829
1357710884000,518,0.000904,0.002216
1357710885000,534,0.000894,0.001868
1357710886000,470,0.001013,0.002461
1357710887000,508,0.000802,0.001962
1357710888000,594,0.000858,0.001776
1357710889000,537,0.000836,0.001955
1357710890000,528,0.000914,0.003787
1357710891000,625,0.000887,0.002191
1357710892000,377,0.000870,0.002019
1357710893000,563,0.000926,0.002091
1357710894000,551,0.000983,0.003892
1357710895000,366,0.000892,0.002371
1357710896000,615,0.000893,0.001925
1357710897000,367,0.000793,0.001536
1357710898000,612,0.000909,0.002256
1357710899000,515,0.001011,0.002042
1357710900000,526,0.000986,0.001962
1357710901000,717,0.000992,0.004191
1357710902000,749,0.000955,0.001998
1357710903000,661,0.000890,0.003315
1357710904000,600,0.000863,0.001979
1357710905000,502,0.000829,0.001968
1357710906000,802,0.000901,0.002160
1357710907000,493,0.000731,0.001711
1357710908000,793,0.000890,0.001996
1357710909000,284,0.000780,0.002044
1357710910000,517,0.000668,0.001920
1357710911000,716,0.000868,0.002397
1357710912000,661,0.001004,0.002562
1357710913000,467,0.000838,0.002279
1357710914000,605,0.000810,0.002149
1357710915000,442,0.000919,0.002336
1357710916000,612,0.000841,0.002480
1357710917000,656,0.000737,0.002249
1357710918000,575,0.000875,0.002158
1357710919000,542,0.000809,0.002140
1357710920000,501,0.000768,0.001721
1357710921000,701,0.000880,0.002074
1357710922000,483,0.000729,0.001930
1357710923000,648,0.000832,0.001895
1357710924000,681,0.000881,0.002272
1357710925000,473,0.000819,0.002160
1357710926000,514,0.000841,0.002644
1357710927000,466,0.000883,0.001893
1357710928000,599,0.000870,0.001976
1357710929000,829,0.000871,0.002461
1357710930000,536,0.000915,0.001990
1357710931000,636,0.000865,0.002491
1357710932000,795,0.000862,0.002251
1357710933000,474,0.000919,0.002424
1357710934000,611,0.001050,0.003895
1357710935000,480,0.001101,0.002394
1357710936000,612,0.000825,0.002740
1357710937000,339,0.001001,0.003503
1357710938000,554,0.000854,0.002011
1357710939000,530,0.000994,0.002130
1357710940000,852,0.000838,0.002033
1357710941000,490,0.000985,0.002583
1357710942000,709,0.001282,0.109851
1357710943000,575,0.000819,0.002105
1357710944000,723,0.000786,0.002895
1357710945000,492,0.000803,0.002593
1357710946000,454,0.000888,0.002486
1357710947000,487,0.000837,0.002951
1357710948000,514,0.000865,0.001803
1357710949000,615,0.000827,0.001930
1357710950000,511,0.000767,0.003409
1357710951000,649,0.000847,0.002117
1357710952000,520,0.000864,0.002297
1357710953000,551,0.000779,0.002116
1357710954000,345,0.000949,0.002129
1357710955000,646,0.000817,0.002158
1357710956000,684,0.000837,0.003678
1357710957000,510,0.000875,0.002223
1357710958000,656,0.000822,0.001920
1357710959000,396,0.000849,0.002127
1357710960000,542,0.000977,0.002002
1357710961000,629,0.000849,0.001843
1357710962000,753,0.000950,0.002336
1357710963000,468,0.000827,0.002013
1357710964000,577,0.000941,0.002050
1357710965000,254,0.000777,0.001544
1357710966000,332,0.000879,0.003302
1357710967000,784,0.000976,0.002715
1357710968000,428,0.000786,0.001914
1357710969000,587,0.001000,0.002420
1357710970000,320,0.000802,0.002030
1357710971000,532,0.000925,0.002548
1357710972000,645,0.000917,0.002185
1357710973000,568,0.000830,0.001650
1357710974000,673,0.000919,0.002547
1357710975000,570,0.000914,0.002841
1357710976000,603,0.000833,0.002811
1357710977000,407,0.000843,0.002013
1357710978000,732,0.000915,0.002032
1357710979000,496,0.000769,0.001805
1357710980000,593,0.001042,0.002857
1357710981000,507,0.000873,0.002347
1357710982000,548,0.000932,0.003580
1357710983000,550,0.000818,0.002188
1357710984000,619,0.000872,0.002454
1357710985000,622,0.000899,0.002053
1357710986000,584,0.000890,0.002259
1357710987000,650,0.000866,0.002341
1357710988000,629,0.000936,0.002089
1357710989000,456,0.000758,0.003640
1357710990000,567,0.000796,0.001857
1357710991000,594,0.001133,0.003512
1357710992000,640,0.000876,0.001865
1357710993000,647,0.000876,0.005182
1357710994000,363,0.001039,0.002047
1357710995000,303,0.000841,0.002068
1357710996000,851,0.000859,0.002233
1357710997000,563,0.000837,0.002135
1357710998000,532,0.000892,0.002005
1357710999000,440,0.000659,0.001933
1357711000000,516,0.000868,0.002114
1357711001000,414,0.000839,0.001981
1357711002000,381,0.000863,0.001841
1357711003000,501,0.000943,0.002055
1357711004000,634,0.000967,0.001987
1357711005000,513,0.000887,0.001873
1357711006000,561,0.000970,0.002816
1357711007000,567,0.000898,0.002451
1357711008000,839,0.000867,0.002377
1357711009000,380,0.000840,0.002156
1357711010000,741,0.000780,0.002265
1357711011000,753,0.000844,0.002022
1357711012000,799,0.000923,0.003612
1357711013000,625,0.000820,0.001822
1357711014000,690,0.000950,0.010916
1357711015000,630,0.000816,0.002099
1357711016000,578,0.000802,0.002107
1357711017000,821,0.000915,0.002109
1357711018000,511,0.000791,0.001869
1357711019000,509,0.000978,0.003628
1357711020000,342,0.000942,0.002057
1357711021000,470,0.000947,0.002757
1357711022000,629,0.000942,0.002293
1357711023000,771,0.000919,0.002744
1357711024000,497,0.000948,0.002621
1357711025000,493,0.000777,0.001877
1357711026000,642,0.000841,0.002070
1357711027000,310,0.000797,0.002326
1357711028000,737,0.000884,0.002841
1357711029000,409,0.000858,0.002467
1357711030000,687,0.000870,0.002417
1357711031000,539,0.000740,0.001652
1357711032000,507,0.000845,0.002059
1357711033000,505,0.000955,0.001799
1357711034000,919,0.000981,0.002811
1357711035000,597,0.000805,0.003305
1357711036000,579,0.000825,0.002189
1357711037000,473,0.000889,0.002243
1357711038000,860,0.000987,0.002241
1357711039000,703,0.000722,0.002020
1357711040000,395,0.000878,0.001996
1357711041000,532,0.000917,0.002051
1357711042000,494,0.000855,0.002114
1357711043000,843,0.000847,0.002097
1357711044000,497,0.000728,0.001913
1357711045000,397,0.000867,0.002680
1357711046000,431,0.000889,0.002299
1357711047000,627,0.000912,0.002224
1357711048000,878,0.000805,0.001732
1357711049000,640,0.000906,0.003319
1357711050000,611,0.000883,0.002190
1357711051000,596,0.000708,0.001762
1357711052000,504,0.000816,0.001979
1357711053000,602,0.000802,0.006165
1357711054000,517,0.000822,0.002289
1357711055000,693,0.000835,0.001849
1357711056000,711,0.000927,0.001942
1357711057000,551,0.000855,0.002021
1357711058000,632,0.000839,0.002211
1357711059000,642,0.000764,0.003157
1357711060000,423,0.000829,0.002004
1357711061000,827,0.000752,0.002161
1357711062000,652,0.000803,0.001768
1357711063000,586,0.000889,0.002216
1357711064000,477,0.000998,0.002259
1357711065000,376,0.000786,0.002350
1357711066000,813,0.000893,0.002358
1357711067000,627,0.000768,0.001812
1357711068000,575,0.000807,0.001953
1357711069000,457,0.000869,0.002248
1357711070000,742,0.000871,0.002326
1357711071000,887,0.000885,0.002000
1357711072000,471,0.000907,0.002667
1357711073000,508,0.000797,0.002868
1357711074000,850,0.000933,0.002499
1357711075000,532,0.000832,0.002198
1357711076000,427,0.000929,0.001753
1357711077000,734,0.000933,0.003333
1357711078000,539,0.000858,0.002285
1357711079000,640,0.000883,0.001960
1357711080000,634,0.000826,0.002109
1357711081000,668,0.000815,0.002144
1357711082000,496,0.000978,0.002662
1357711083000,524,0.000841,0.003353
1357711084000,479,0.000823,0.001902
1357711085000,563,0.000812,0.002142
1357711086000,690,0.000848,0.002343
1357711087000,809,0.000808,0.001629
1357711088000,299,0.000904,0.003162
1357711089000,457,0.001497,0.004215
1357711090000,512,0.000754,0.001886
1357711091000,574,0.000948,0.002702
1357711092000,714,0.000852,0.002251
1357711093000,576,0.000822,0.001780
1357711094000,723,0.000850,0.001893
1357711095000,371,0.000850,0.001859
1357711096000,379,0.000893,0.001970
1357711097000,676,0.000868,0.002575
1357711098000,635,0.000797,0.003930
1357711099000,610,0.000833,0.002576
1357711100000,575,0.001123,0.003062
1357711101000,575,0.000707,0.001942
1357711102000,487,0.000909,0.002220
1357711103000,484,0.000879,0.003532
1357711104000,388,0.000885,0.003222
1357711105000,545,0.000788,0.001941
1357711106000,501,0.000763,0.002333
1357711107000,777,0.000816,0.001920
1357711108000,427,0.000702,0.002362
1357711109000,426,0.000828,0.001813
1357711110000,673,0.000865,0.001855
1357711111000,874,0.001025,0.002745
1357711112000,636,0.000939,0.002337
1357711113000,941,0.000946,0.002320
1357711114000,764,0.000826,0.002009
1357711115000,674,0.000725,0.001875
1357711116000,511,0.000743,0.001987
1357711117000,478,0.000853,0.001993
1357711118000,502,0.000807,0.001663
1357711119000,494,0.000836,0.002064
1357711120000,735,0.000876,0.002007
1357711121000,727,0.000742,0.002045
1357711122000,703,0.000938,0.002230
1357711123000,623,0.000855,0.002016
1357711124000,693,0.000763,0.002508
1357711125000,523,0.000862,0.002903
1357711126000,461,0.000764,0.001698
1357711127000,407,0.000997,0.002356
1357711128000,451,0.000765,0.002137
1357711129000,480,0.000805,0.001863
1357711130000,542,0.000930,0.003202
1357711131000,472,0.000824,0.002297
1357711132000,525,0.000887,0.002026
1357711133000,498,0.000826,0.002328
1357711134000,769,0.000774,0.002720
1357711135000,542,0.000767,0.001754
1357711136000,346,0.000613,0.002038
1357711137000,675,0.000839,0.002689
1357711138000,434,0.000869,0.002364
1357711139000,341,0.000687,0.001600
1357711140000,537,0.000894,0.002574
1357711141000,744,0.000999,0.002773
1357711142000,574,0.000853,0.002275
1357711143000,400,0.000775,0.002711
1357711144000,635,0.000907,0.002563
1357711145000,477,0.000843,0.001609
1357711146000,482,0.000887,0.002125
1357711147000,758,0.000817,0.002864
1357711148000,332,0.000944,0.002493
1357711149000,689,0.000921,0.002044
1357711150000,369,0.001098,0.003488
1357711151000,575,0.000797,0.002221
1357711152000,568,0.000867,0.002543
1357711153000,684,0.000801,0.002202
1357711154000,684,0.000976,0.005213
1357711155000,635,0.000825,0.002278
1357711156000,657,0.000931,0.002366
1357711157000,441,0.000940,0.003168
1357711158000,412,0.000705,0.001868
1357711159000,504,0.000892,0.001904
1357711160000,892,0.000907,0.002424
1357711161000,673,0.000868,0.002076
1357711162000,615,0.000997,0.003102
1357711163000,478,0.000701,0.001786
1357711164000,467,0.000917,0.002670
1357711165000,546,0.000972,0.002513
1357711166000,749,0.000785,0.002031
1357711167000,609,0.000875,0.001829
1357711168000,558,0.000886,0.002108
1357711169000,633,0.000793,0.002268
1357711170000,659,0.000801,0.002570
1357711171000,708,0.000797,0.002505
1357711172000,497,0.000902,0.002136
1357711173000,666,0.000763,0.002558
1357711174000,812,0.000879,0.010455
1357711175000,559,0.000865,0.001822
1357711176000,487,0.000858,0.002374
1357711177000,690,0.000867,0.002418
1357711178000,599,0.000884,0.002345
1357711179000,663,0.000803,0.001961
1357711180000,571,0.001022,0.003154
1357711181000,722,0.000867,0.002131
1357711182000,492,0.000819,0.002625
1357711183000,619,0.000935,0.002340
1357711184000,721,0.000880,0.002109
1357711185000,750,0.000766,0.001941
1357711186000,439,0.000803,0.001939
1357711187000,493,0.000915,0.002443
1357711188000,884,0.000804,0.002154
1357711189000,537,0.000862,0.002568
1357711190000,636,0.000784,0.001948
1357711191000,621,0.000786,0.002045
1357711192000,812,0.000803,0.001924
1357711193000,770,0.000802,0.002008
1357711194000,562,0.000998,0.005892
1357711195000,587,0.000791,0.002097
1357711196000,855,0.000897,0.002175
1357711197000,481,0.000720,0.002255
1357711198000,677,0.000893,0.002730
1357711199000,313,0.000702,0.001917
1357711200000,531,0.000950,0.002369
1357711201000,480,0.001057,0.003789
1357711202000,489,0.000799,0.002148
1357711203000,637,0.000844,0.002469
1357711204000,539,0.001075,0.005639
1357711205000,1050,0.002172,0.013469
1357711206000,855,0.002029,0.055529
1357711207000,941,0.001418,0.007162
1357711208000,1422,0.001500,0.007878
1357711209000,1704,0.001758,0.291157
1357711210000,208,2.237928,2.261334
1357711212000,1389,0.004078,0.030793
1357711213000,1469,0.006194,0.887842
1357711214000,1295,0.021251,0.197778
1357711215000,240,1.265685,1.323806
1357711216000,2655,0.006859,1.008805
1357711217000,399,0.034836,0.067548
1357711218000,1046,0.015099,1.446613
1357711219000,487,0.017165,0.104150
1357711220000,2072,0.012972,0.817242
1357711221000,960,0.023786,2.408119
1357711223000,514,0.031527,0.091042
1357711224000,2249,0.023084,0.476103
1357711225000,454,0.058764,2.348102
1357711227000,1557,0.037482,0.105166
1357711228000,453,0.137014,2.665597
1357711231000,3084,0.034306,0.097878
1357711232000,598,0.077782,2.375239
1357711235000,2832,0.036488,0.106696
1357711236000,377,2.022563,2.115615
1357711238000,2533,0.037914,0.102185
1357711239000,268,2.307192,2.373495
1357711241000,1728,0.045222,0.115854
1357711242000,1436,0.031385,1.450596
1357711243000,488,0.038052,0.110820
1357711244000,1016,0.042010,1.302153
1357711245000,1127,0.045469,0.114070
1357711246000,1555,0.056917,0.610675
1357711247000,938,0.064030,1.757465
1357711249000,1973,0.054480,0.136005
1357711250000,2025,0.053976,0.169859
1357711251000,2264,0.056171,0.137098
1357711252000,864,0.068068,2.037345
1357711254000,1988,0.042613,0.100379
1357711255000,2611,0.041916,0.113899
1357711256000,718,0.048251,1.450204
1357711257000,6,0.053971,0.069686
1357711258000,3405,0.025558,0.089884
1357711259000,1686,0.001663,1.344380
1357711260000,1243,0.021594,0.074975
1357711261000,4755,0.003344,0.046319
1357711262000,4558,0.018680,0.072255
1357711263000,1175,0.052694,0.707124
1357711264000,2549,0.015407,1.274129
1357711266000,3146,0.027553,0.085302
1357711267000,2866,0.003536,0.964921
1357711268000,1684,0.048860,0.110347
1357711269000,2640,0.043047,1.728298
1357711271000,1635,0.057060,0.135683
1357711272000,3616,0.031868,0.082705
1357711273000,1237,0.054853,0.682564
1357711274000,3866,0.038000,0.093583
1357711275000,443,1.819851,1.893812
1357711276000,179,0.076485,0.121873
1357711277000,3293,0.039878,0.101591
1357711278000,1133,0.002494,0.044593
1357711279000,565,0.030078,0.101133
1357711280000,384,0.003116,1.153331
1357711281000,539,0.033035,0.290211
1357711282000,563,0.001361,1.369665
1357711283000,33,0.824452,1.035100
1357711284000,1288,0.032329,0.094191
1357711285000,712,0.001207,0.004489
1357711286000,698,0.001150,0.003461
1357711287000,425,0.001110,0.002787
1357711288000,449,0.001067,0.005571
1357711289000,387,0.000991,0.002980
1357711290000,432,0.001250,0.007408
1357711291000,502,0.001133,0.034899
1357711292000,683,0.002727,0.258580
1357711293000,365,0.001954,2.015644
1357711294000,18,0.977791,1.139248
1357711295000,1242,0.033196,0.134087
1357711296000,234,0.001068,0.003176
1357711297000,517,0.001154,0.004317
1357711298000,104,0.706849,1.032783
1357711299000,676,0.002300,0.042081
1357711300000,58,1.981038,2.156408
1357711301000,14,1.228958,1.267053
1357711302000,1561,0.014211,0.063022
1357711303000,571,0.001106,0.003054
1357711304000,768,0.001101,0.003810
1357711305000,354,0.001295,2.032857
1357711306000,36,1.607848,1.704487
1357711307000,362,0.035304,0.745424
1357711308000,1206,0.001983,0.023322
1357711309000,661,0.001103,0.003371
1357711310000,438,0.001816,0.099362
1357711311000,400,0.001155,0.003444
1357711312000,577,0.000993,0.002722
1357711313000,430,0.001189,0.002861
1357711314000,336,0.001034,0.002391
1357711315000,492,0.001018,0.002808
1357711316000,324,0.000975,0.003128
1357711317000,564,0.000965,0.002585
1357711318000,407,0.000883,0.002651
1357711319000,528,0.000915,0.002028
1357711320000,605,0.000958,0.002261
1357711321000,276,0.000949,0.003926
1357711322000,376,0.000831,0.003219
1357711323000,808,0.001017,0.009685
1357711324000,345,0.000790,0.002335
1357711325000,636,0.000923,0.003248
1357711326000,430,0.000881,0.001941
1357711327000,520,0.000802,0.002757
1357711328000,524,0.000966,0.002096
1357711329000,530,0.000765,0.002416
1357711330000,925,0.000941,0.004593
1357711331000,597,0.000932,0.001963
1357711332000,486,0.000925,0.003197
1357711333000,532,0.000877,0.002093
1357711334000,698,0.000901,0.002307
1357711335000,705,0.000825,0.002072
1357711336000,395,0.001160,0.002265
1357711337000,430,0.000912,0.002300
1357711338000,400,0.000874,0.002788
1357711339000,493,0.000864,0.001943
1357711340000,376,0.000993,0.002976
1357711341000,952,0.000821,0.001871
1357711342000,490,0.000859,0.002214
1357711343000,651,0.000872,0.002204
1357711344000,548,0.000778,0.002805
1357711345000,611,0.000777,0.002239
1357711346000,354,0.001012,0.003902
1357711347000,860,0.001349,0.008113
1357711348000,591,0.000828,0.001993
1357711349000,576,0.000783,0.002233
1357711350000,586,0.000946,0.002170
1357711351000,641,0.000760,0.001729
1357711352000,368,0.000870,0.002163
1357711353000,513,0.000839,0.001870
1357711354000,485,0.000801,0.002065
1357711355000,1061,0.001257,0.005599
1357711356000,321,0.000970,0.001924
1357711357000,546,0.000911,0.001895
1357711358000,448,0.000891,0.002107
1357711359000,790,0.000832,0.002126
1357711360000,420,0.000808,0.002082
1357711361000,540,0.000661,0.001590
1357711362000,905,0.000858,0.001935
1357711363000,771,0.000862,0.001968
1357711364000,440,0.000876,0.002312
1357711365000,541,0.000845,0.002066
1357711366000,452,0.000920,0.002104
1357711367000,648,0.000874,0.002786
1357711368000,400,0.000995,0.003506
1357711369000,585,0.000896,0.002284
1357711370000,547,0.000868,0.002059
1357711371000,744,0.000855,0.001930
1357711372000,688,0.000859,0.002816
1357711373000,386,0.000803,0.003408
1357711374000,593,0.000915,0.002245
1357711375000,614,0.000867,0.002330
1357711376000,494,0.000864,0.002407
1357711377000,753,0.000760,0.001919
1357711378000,707,0.000840,0.001726
1357711379000,485,0.000788,0.001840
1357711380000,471,0.001144,0.002278
1357711381000,321,0.000880,0.002331
1357711382000,698,0.000873,0.001911
1357711383000,623,0.000789,0.001762
1357711384000,478,0.000774,0.001859
1357711385000,461,0.000858,0.001963
1357711386000,470,0.000906,0.002173
1357711387000,564,0.000951,0.003254
1357711388000,708,0.000755,0.002256
1357711389000,527,0.001760,0.003289
1357711390000,468,0.000993,0.004006
1357711391000,724,0.000900,0.002032
1357711392000,668,0.000901,0.001992
1357711393000,646,0.000821,0.002087
1357711394000,758,0.000817,0.002268
1357711395000,609,0.000711,0.001893
1357711396000,437,0.000903,0.006434
1357711397000,743,0.000854,0.002050
1357711398000,566,0.000942,0.003058
1357711399000,841,0.000813,0.001953
1357711400000,806,0.000895,0.002298
1357711401000,395,0.000821,0.001971
1357711402000,410,0.000921,0.001946
1357711403000,612,0.000893,0.002028
1357711404000,270,0.001001,0.004120
1357711405000,445,0.000778,0.003834
1357711406000,365,0.000858,0.002050
1357711407000,683,0.000836,0.001817
1357711408000,552,0.000814,0.001934
1357711409000,486,0.000797,0.002293
1357711410000,724,0.000761,0.003037
1357711411000,513,0.000819,0.002036
1357711412000,762,0.000847,0.001871
1357711413000,505,0.000764,0.002299
1357711414000,533,0.000863,0.002665
1357711415000,467,0.000703,0.001680
1357711416000,529,0.000914,0.001872
1357711417000,584,0.000955,0.002089
1357711418000,601,0.000794,0.002852
1357711419000,569,0.000952,0.002110
1357711420000,383,0.000839,0.002927
1357711421000,544,0.000697,0.001738
1357711422000,364,0.000873,0.002495
1357711423000,647,0.000794,0.002063
1357711424000,557,0.000819,0.002694
1357711425000,512,0.000820,0.001835
1357711426000,546,0.000779,0.001900
1357711427000,562,0.000819,0.002147
1357711428000,502,0.000719,0.001934
1357711429000,593,0.000866,0.002430
1357711430000,370,0.000945,0.002274
1357711431000,784,0.000800,0.003078
1357711432000,645,0.000897,0.002437
1357711433000,645,0.000838,0.002201
1357711434000,496,0.000913,0.001969
1357711435000,353,0.000991,0.002247
1357711436000,758,0.000836,0.002332
1357711437000,541,0.000858,0.003189
1357711438000,372,0.000782,0.001837
1357711439000,669,0.000766,0.001948
1357711440000,678,0.000786,0.001874
1357711441000,530,0.000841,0.002096
1357711442000,538,0.000862,0.003722
1357711443000,600,0.000842,0.003759
1357711444000,407,0.000905,0.001944
1357711445000,627,0.000901,0.002037
1357711446000,706,0.000812,0.002222
1357711447000,327,0.001000,0.004453
1357711448000,494,0.000945,0.002596
1357711449000,444,0.000911,0.003437
1357711450000,567,0.000851,0.002106
1357711451000,545,0.000874,0.003129
1357711452000,563,0.000857,0.002353
1357711453000,658,0.000792,0.001832
1357711454000,526,0.000927,0.001984
1357711455000,661,0.000933,0.001995
1357711456000,229,0.000907,0.001766
1357711457000,675,0.000845,0.002461
1357711458000,552,0.000904,0.003410
1357711459000,551,0.000822,0.001943
1357711460000,520,0.000688,0.001698
1357711461000,540,0.000711,0.001985
1357711462000,429,0.000877,0.003513
1357711463000,422,0.000833,0.002884
1357711464000,686,0.000939,0.002487
1357711465000,660,0.000757,0.001965
1357711466000,624,0.000833,0.001930
1357711467000,514,0.000784,0.001744
1357711468000,506,0.000833,0.002102
1357711469000,707,0.000878,0.002948
1357711470000,656,0.000786,0.001696
1357711471000,693,0.000670,0.002311
1357711472000,582,0.000854,0.002046
1357711473000,449,0.000897,0.002341
1357711474000,703,0.000719,0.002037
1357711475000,750,0.000797,0.002256
1357711476000,581,0.000843,0.002068
1357711477000,566,0.000951,0.002636
1357711478000,428,0.000806,0.001812
1357711479000,627,0.000818,0.002231
1357711480000,357,0.000866,0.002099
1357711481000,508,0.000892,0.002042
1357711482000,876,0.000803,0.003063
1357711483000,517,0.000997,0.002175
1357711484000,604,0.000861,0.002245
1357711485000,517,0.000871,0.002442
1357711486000,700,0.000791,0.002118
1357711487000,617,0.000802,0.002003
1357711488000,474,0.000912,0.001852
1357711489000,480,0.000679,0.002106
1357711490000,460,0.000906,0.001920
1357711491000,600,0.000885,0.001943
1357711492000,717,0.000883,0.002251
1357711493000,662,0.000833,0.001756
1357711494000,485,0.000801,0.002271
1357711495000,795,0.000962,0.002469
1357711496000,598,0.000765,0.002580
1357711497000,541,0.000996,0.002404
1357711498000,559,0.000878,0.002063
1357711499000,568,0.000940,0.002223
1357711500000,443,0.000614,0.002079
1357711501000,589,0.000904,0.002677
1357711502000,655,0.000806,0.002065
1357711503000,576,0.000898,0.002434
1357711504000,522,0.000751,0.005857
1357711505000,468,0.000900,0.002111
1357711506000,561,0.000923,0.002375
1357711507000,373,0.000883,0.001626
1357711508000,586,0.000872,0.002117
1357711509000,451,0.000877,0.002160
1357711510000,444,0.000938,0.003134
1357711511000,705,0.000875,0.001851
1357711512000,660,0.000888,0.002198
1357711513000,454,0.000828,0.002064
1357711514000,382,0.000785,0.002026
1357711515000,587,0.000856,0.002098
1357711516000,543,0.000806,0.002031
1357711517000,482,0.000850,0.001864
1357711518000,538,0.000838,0.002935
1357711519000,682,0.000812,0.001941
1357711520000,459,0.000695,0.001730
1357711521000,648,0.000859,0.001971
1357711522000,431,0.000702,0.001700
1357711523000,552,0.000914,0.002254
1357711524000,453,0.000926,0.001899
1357711525000,793,0.000793,0.001884
1357711526000,386,0.000828,0.001885
1357711527000,581,0.000857,0.002247
1357711528000,412,0.000849,0.002057
1357711529000,425,0.000690,0.002124
1357711530000,279,0.001103,0.014665
1357711531000,588,0.000775,0.001822
1357711532000,345,0.000705,0.002039
1357711533000,691,0.001040,0.003612
1357711534000,489,0.001062,0.003241
1357711535000,464,0.000876,0.002330
1357711536000,401,0.000767,0.002292
1357711537000,611,0.000866,0.001791
1357711538000,460,0.000846,0.002799
1357711539000,464,0.000887,0.002031
1357711540000,592,0.000888,0.002492
1357711541000,762,0.000846,0.002002
1357711542000,520,0.000994,0.002598
1357711543000,892,0.000890,0.002276
1357711544000,668,0.000821,0.001863
1357711545000,599,0.000927,0.002157
1357711546000,474,0.000838,0.001915
1357711547000,516,0.000879,0.002071
1357711548000,664,0.000835,0.002366
1357711549000,777,0.000882,0.002221
1357711550000,530,0.000861,0.002876
1357711551000,394,0.000987,0.005598
1357711552000,392,0.000790,0.002342
1357711553000,620,0.000762,0.001786
1357711554000,657,0.001037,0.001956
1357711555000,285,0.000795,0.001679
1357711556000,557,0.000843,0.001978
1357711557000,684,0.000860,0.002186
1357711558000,529,0.000760,0.001963
1357711559000,421,0.000763,0.001664
1357711560000,484,0.000879,0.002010
1357711561000,751,0.001017,0.002230
1357711562000,427,0.000759,0.001797
1357711563000,874,0.000793,0.001846
1357711564000,648,0.000908,0.002345
1357711565000,526,0.000806,0.002893
1357711566000,661,0.001009,0.003457
1357711567000,611,0.000906,0.002296
1357711568000,305,0.000875,0.001702
1357711569000,688,0.000791,0.002530
1357711570000,564,0.000744,0.002268
1357711571000,588,0.000899,0.003258
1357711572000,689,0.000893,0.002329
1357711573000,580,0.000826,0.002015
1357711574000,431,0.000900,0.001992
1357711575000,925,0.000866,0.002403
1357711576000,665,0.000913,0.002197
1357711577000,236,0.000867,0.002765
1357711578000,733,0.000890,0.002102
1357711579000,389,0.000862,0.002073
1357711580000,548,0.000844,0.002385
1357711581000,636,0.000650,0.001920
1357711582000,706,0.000848,0.001938
1357711583000,358,0.000788,0.001786
1357711584000,598,0.000879,0.002883
1357711585000,414,0.000856,0.001557
1357711586000,559,0.000869,0.002140
1357711587000,588,0.000910,0.002302
1357711588000,798,0.000827,0.002055
1357711589000,769,0.000781,0.003145
1357711590000,798,0.000735,0.001944
1357711591000,678,0.000891,0.002162
1357711592000,678,0.000720,0.001590
1357711593000,769,0.000749,0.001723
1357711594000,446,0.000848,0.001741
1357711595000,557,0.000870,0.001757
1357711596000,663,0.000922,0.002110
1357711597000,671,0.000855,0.001750
1357711598000,596,0.000936,0.002684
1357711599000,626,0.000893,0.002954
1357711600000,621,0.000796,0.002028
1357711601000,667,0.000829,0.001917
1357711602000,406,0.000845,0.001808
1357711603000,381,0.000803,0.002031
1357711604000,375,0.000845,0.001991
1357711605000,685,0.000792,0.001967
1357711606000,624,0.000913,0.002226
1357711607000,434,0.000792,0.002695
1357711608000,727,0.001005,0.002560
1357711609000,789,0.000912,0.002071
1357711610000,606,0.000878,0.001921
1357711611000,715,0.000817,0.004827
1357711612000,456,0.000718,0.002565
1357711613000,390,0.000917,0.003269
1357711614000,627,0.000694,0.001938
1357711615000,767,0.000834,0.002173
1357711616000,803,0.000771,0.002188
1357711617000,722,0.000877,0.001886
1357711618000,382,0.000731,0.001910
1357711619000,393,0.000837,0.002261
1357711620000,508,0.000967,0.001763
1357711621000,648,0.000908,0.002748
1357711622000,438,0.000981,0.003061
1357711623000,476,0.000679,0.001928
1357711624000,522,0.001017,0.003077
1357711625000,725,0.000911,0.002837
1357711626000,538,0.000885,0.002111
1357711627000,501,0.000848,0.002292
1357711628000,481,0.000900,0.001979
1357711629000,554,0.000959,0.002174
1357711630000,545,0.000724,0.001882
1357711631000,553,0.000795,0.001892
1357711632000,365,0.000857,0.002200
1357711633000,655,0.000891,0.002134
1357711634000,688,0.000902,0.001847
1357711635000,667,0.000901,0.001631
1357711636000,399,0.000962,0.002419
1357711637000,734,0.000880,0.002039
1357711638000,644,0.000761,0.002446
1357711639000,671,0.000961,0.002297
1357711640000,374,0.000763,0.003696
1357711641000,658,0.000806,0.002129
1357711642000,400,0.001012,0.004274
1357711643000,768,0.000828,0.002266
1357711644000,557,0.000843,0.001923
1357711645000,379,0.000963,0.002052
1357711646000,625,0.000959,0.003251
1357711647000,601,0.000647,0.002117
1357711648000,732,0.000919,0.003810
1357711649000,822,0.000772,0.002331
1357711650000,737,0.001054,0.003218
1357711651000,445,0.000963,0.002000
1357711652000,517,0.000876,0.002226
1357711653000,812,0.000853,0.002328
1357711654000,710,0.000948,0.002416
1357711655000,474,0.000852,0.002075
1357711656000,449,0.000805,0.002014
1357711657000,542,0.000844,0.001781
1357711658000,575,0.000852,0.002358
1357711659000,560,0.000768,0.001714
1357711660000,581,0.000834,0.002053
1357711661000,593,0.000750,0.001764
1357711662000,588,0.000830,0.001769
1357711663000,405,0.000833,0.002521
1357711664000,796,0.000772,0.001818
1357711665000,481,0.000966,0.002212
1357711666000,566,0.000787,0.002295
1357711667000,567,0.000815,0.002047
1357711668000,516,0.000764,0.001879
1357711669000,647,0.000962,0.002616
1357711670000,686,0.000863,0.001884
1357711671000,405,0.000895,0.003257
1357711672000,675,0.000981,0.002412
1357711673000,719,0.000792,0.001922
1357711674000,426,0.000768,0.001670
1357711675000,710,0.000801,0.002616
1357711676000,854,0.000928,0.001998
1357711677000,683,0.000753,0.001693
1357711678000,519,0.000830,0.002007
1357711679000,713,0.000840,0.002370
1357711680000,407,0.000786,0.001704
1357711681000,724,0.000890,0.001689
1357711682000,997,0.000804,0.002766
1357711683000,579,0.000818,0.003411
1357711684000,474,0.000851,0.002312
1357711685000,909,0.000964,0.002287
1357711686000,602,0.000757,0.002057
1357711687000,593,0.000727,0.001987
1357711688000,551,0.000852,0.002013
1357711689000,585,0.001132,0.002513
1357711690000,719,0.000923,0.002137
1357711691000,646,0.000729,0.002173
1357711692000,557,0.000768,0.001956
1357711693000,557,0.000844,0.002138
1357711694000,760,0.000830,0.002072
1357711695000,657,0.000794,0.002045
1357711696000,626,0.000760,0.002098
1357711697000,430,0.000811,0.002297
1357711698000,503,0.000813,0.002092
1357711699000,640,0.000848,0.002097
1357711700000,608,0.000995,0.002144
1357711701000,529,0.000789,0.002476
1357711702000,772,0.000897,0.002110
1357711703000,739,0.000824,0.002118
1357711704000,572,0.000877,0.002219
1357711705000,668,0.000870,0.002619
1357711706000,627,0.001222,0.005845
1357711707000,729,0.000837,0.002074
1357711708000,832,0.000875,0.002308
1357711709000,667,0.000822,0.001965
1357711710000,392,0.000990,0.001937
1357711711000,647,0.000883,0.001983
1357711712000,685,0.000910,0.003270
1357711713000,747,0.000907,0.002654
1357711714000,456,0.001103,0.007342
1357711715000,464,0.000897,0.002001
1357711716000,633,0.000860,0.002708
1357711717000,699,0.000876,0.002105
1357711718000,388,0.000786,0.001661
1357711719000,365,0.000873,0.002896
1357711720000,370,0.000775,0.002232
1357711721000,517,0.000943,0.002148
1357711722000,453,0.000860,0.001886
1357711723000,673,0.000906,0.003513
1357711724000,705,0.000807,0.002610
1357711725000,889,0.000760,0.001959
1357711726000,700,0.000926,0.006020
1357711727000,695,0.000751,0.001783
1357711728000,495,0.000838,0.002159
1357711729000,564,0.000760,0.002012
1357711730000,368,0.000807,0.001841
1357711731000,488,0.000814,0.002562
1357711732000,456,0.000905,0.004955
1357711733000,449,0.000615,0.001946
1357711734000,578,0.000678,0.001735
1357711735000,334,0.000788,0.002435
1357711736000,466,0.000777,0.002206
1357711737000,570,0.000724,0.002057
1357711738000,715,0.000975,0.001934
1357711739000,618,0.000818,0.002457
1357711740000,438,0.000812,0.002401
1357711741000,910,0.001005,0.003372
1357711742000,673,0.000842,0.001806
1357711743000,651,0.000844,0.002779
1357711744000,761,0.000754,0.002322
1357711745000,479,0.000734,0.001803
1357711746000,484,0.000872,0.004239
1357711747000,506,0.000851,0.001843
1357711748000,655,0.000834,0.001958
1357711749000,386,0.000948,0.002400
1357711750000,612,0.000809,0.002094
1357711751000,493,0.000895,0.002111
1357711752000,591,0.000849,0.002130
1357711753000,506,0.000833,0.002301
1357711754000,540,0.000839,0.001905
1357711755000,587,0.000833,0.003658
1357711756000,565,0.000897,0.002031
1357711757000,616,0.000832,0.001691
1357711758000,608,0.000888,0.002120
1357711759000,445,0.000830,0.003502
1357711760000,662,0.000945,0.003027
1357711761000,513,0.000835,0.002137
1357711762000,722,0.000834,0.002413
1357711763000,703,0.000998,0.002623
1357711764000,344,0.000836,0.002295
1357711765000,455,0.000785,0.002038
1357711766000,763,0.000897,0.002128
1357711767000,539,0.000879,0.002109
1357711768000,488,0.000759,0.002274
1357711769000,605,0.000837,0.003718
1357711770000,861,0.000727,0.002042
1357711771000,592,0.000839,0.002089
1357711772000,565,0.000842,0.001983
1357711773000,514,0.000875,0.004480
1357711774000,573,0.000760,0.002797
1357711775000,322,0.000729,0.001797
1357711776000,552,0.000782,0.001560
1357711777000,518,0.000774,0.001721
1357711778000,581,0.000723,0.002368
1357711779000,559,0.000914,0.002246
1357711780000,288,0.000849,0.003244
1357711781000,775,0.000921,0.001958
1357711782000,711,0.000695,0.001908
1357711783000,505,0.000735,0.001995
1357711784000,544,0.000810,0.002172
1357711785000,770,0.000843,0.002028
1357711786000,556,0.000867,0.002386
1357711787000,524,0.000816,0.001915
1357711788000,499,0.000853,0.002299
1357711789000,603,0.000771,0.001839
1357711790000,441,0.000788,0.001989
1357711791000,499,0.000739,0.001729
1357711792000,613,0.000823,0.001975
1357711793000,751,0.000874,0.002213
1357711794000,670,0.000844,0.002329
1357711795000,458,0.000804,0.001984
1357711796000,380,0.000679,0.002035
1357711797000,606,0.000833,0.002062
1357711798000,592,0.000718,0.001909
1357711799000,508,0.000781,0.001931
1357711800000,528,0.000834,0.002834
1357711801000,843,0.001027,0.002997
1357711802000,763,0.000759,0.002932
1357711803000,377,0.000740,0.001869
1357711804000,633,0.000887,0.002258
1357711805000,423,0.000976,0.002889
1357711806000,419,0.000760,0.002711
1357711807000,698,0.000822,0.002129
1357711808000,471,0.000754,0.003025
1357711809000,653,0.000860,0.002166
1357711810000,488,0.000693,0.001854
1357711811000,748,0.000947,0.003666
1357711812000,830,0.000873,0.002087
1357711813000,508,0.000767,0.001950
1357711814000,791,0.000829,0.002656
1357711815000,539,0.000803,0.002357
1357711816000,872,0.000841,0.002194
1357711817000,610,0.000894,0.002182
1357711818000,603,0.000784,0.002018
1357711819000,428,0.000864,0.002117
1357711820000,582,0.001035,0.003108
1357711821000,409,0.000900,0.329051
1357711822000,828,0.001345,0.006375
1357711823000,648,0.000865,0.001868
1357711824000,442,0.000708,0.002805
1357711825000,437,0.000782,0.001902
1357711826000,574,0.000753,0.002120
1357711827000,726,0.000855,0.001906
1357711828000,549,0.000742,0.001897
1357711829000,854,0.000791,0.002820
1357711830000,399,0.000990,0.002337
1357711831000,420,0.000885,0.002879
1357711832000,370,0.000887,0.002479
1357711833000,551,0.000743,0.001920
1357711834000,379,0.000892,0.002524
1357711835000,501,0.000949,0.002436
1357711836000,452,0.000737,0.002000
1357711837000,499,0.000762,0.001943
1357711838000,539,0.001080,0.003886
1357711839000,730,0.000803,0.002237
1357711840000,722,0.000795,0.002212
1357711841000,910,0.000935,0.003064
1357711842000,509,0.000801,0.001675
1357711843000,785,0.000747,0.002229
1357711844000,521,0.000814,0.002177
1357711845000,690,0.000916,0.002318
1357711846000,730,0.000794,0.002074
1357711847000,476,0.000922,0.002164
1357711848000,534,0.000724,0.001589
1357711849000,473,0.000940,0.002715
1357711850000,486,0.000751,0.001809
1357711851000,551,0.000805,0.002268
1357711852000,602,0.000878,0.002272
1357711853000,529,0.000821,0.002340
1357711854000,743,0.000855,0.002421
1357711855000,567,0.000879,0.002106
1357711856000,531,0.000838,0.002590
1357711857000,525,0.000714,0.001859
1357711858000,474,0.000964,0.002407
1357711859000,884,0.000856,0.001919
1357711860000,700,0.000842,0.001956
1357711861000,636,0.000877,0.002782
1357711862000,586,0.000791,0.002610
1357711863000,700,0.000813,0.001859
1357711864000,603,0.000980,0.002417
1357711865000,934,0.000824,0.001959
1357711866000,712,0.000865,0.002364
1357711867000,579,0.000825,0.002041
1357711868000,662,0.000829,0.001856
1357711869000,557,0.000824,0.001669
1357711870000,463,0.000874,0.001860
1357711871000,497,0.000695,0.001936
1357711872000,695,0.000936,0.002125
1357711873000,622,0.000862,0.001840
1357711874000,695,0.000871,0.001898
1357711875000,571,0.000745,0.001782
1357711876000,564,0.000914,0.001902
1357711877000,554,0.000816,0.002238
1357711878000,691,0.000886,0.002347
1357711879000,580,0.000849,0.002359
1357711880000,525,0.000854,0.003372
1357711881000,510,0.000754,0.001910
1357711882000,377,0.000855,0.001919
1357711883000,664,0.000887,0.002183
1357711884000,462,0.000967,0.002103
1357711885000,483,0.000905,0.002125
1357711886000,486,0.000890,0.002226
1357711887000,457,0.000910,0.002268
1357711888000,663,0.000836,0.001890
1357711889000,639,0.000884,0.002419
1357711890000,491,0.000783,0.001864
1357711891000,543,0.000825,0.001842
1357711892000,431,0.000968,0.004669
1357711893000,585,0.000973,0.002392
1357711894000,730,0.000768,0.002002
1357711895000,604,0.000795,0.001848
1357711896000,589,0.000888,0.002061
1357711897000,639,0.000894,0.001857
1357711898000,416,0.000818,0.001885
1357711899000,353,0.000826,0.001783
1357711900000,509,0.000778,0.002335
1357711901000,490,0.000781,0.002026
1357711902000,723,0.000864,0.002044
1357711903000,492,0.000725,0.001998
1357711904000,621,0.000850,0.002067
1357711905000,642,0.000903,0.001982
1357711906000,564,0.000899,0.003381
1357711907000,764,0.000779,0.002065
1357711908000,766,0.000760,0.002032
1357711909000,471,0.000808,0.002092
1357711910000,584,0.000912,0.002426
1357711911000,613,0.000772,0.001727
1357711912000,513,0.000839,0.002238
1357711913000,503,0.000742,0.001877
1357711914000,646,0.000916,0.002001
1357711915000,492,0.000859,0.002066
1357711916000,371,0.000830,0.001947
1357711917000,644,0.000865,0.001805
1357711918000,684,0.000886,0.003070
1357711919000,432,0.000804,0.001982
1357711920000,781,0.000876,0.001974
1357711921000,718,0.000919,0.002074
1357711922000,491,0.000869,0.002918
1357711923000,572,0.000814,0.001601
1357711924000,571,0.000807,0.002461
1357711925000,618,0.000700,0.002494
1357711926000,573,0.000895,0.003023
1357711927000,801,0.000762,0.002808
1357711928000,501,0.000786,0.002248
1357711929000,512,0.002104,0.003521
1357711930000,544,0.000831,0.002137
1357711931000,587,0.000740,0.001713
1357711932000,619,0.000787,0.002092
1357711933000,679,0.000843,0.001994
1357711934000,586,0.000965,0.002721
1357711935000,569,0.000796,0.002102
1357711936000,513,0.000822,0.002336
1357711937000,692,0.000807,0.002129
1357711938000,531,0.000900,0.002813
1357711939000,520,0.000786,0.001921
1357711940000,512,0.000850,0.001881
1357711941000,741,0.000860,0.004207
1357711942000,657,0.000849,0.002352
1357711943000,498,0.000855,0.002338
1357711944000,511,0.000740,0.002799
1357711945000,630,0.000876,0.001851
1357711946000,451,0.000774,0.001737
1357711947000,534,0.000888,0.002144
1357711948000,404,0.000799,0.003703
1357711949000,641,0.000899,0.002206
1357711950000,629,0.000831,0.001821
1357711951000,750,0.000808,0.001942
1357711952000,446,0.001046,0.002251
1357711953000,558,0.000871,0.002704
1357711954000,408,0.000922,0.007838
1357711955000,655,0.000809,0.002334
1357711956000,570,0.000923,0.002233
1357711957000,381,0.000893,0.003803
1357711958000,500,0.000772,0.001720
1357711959000,742,0.000839,0.001998
1357711960000,748,0.000949,0.002721
1357711961000,675,0.000970,0.002193
1357711962000,944,0.000819,0.002126
1357711963000,701,0.000847,0.002383
1357711964000,468,0.000755,0.001684
1357711965000,534,0.000758,0.001960
1357711966000,775,0.000907,0.002830
1357711967000,369,0.000752,0.001701
1357711968000,566,0.000928,0.003453
1357711969000,362,0.000815,0.001963
1357711970000,515,0.000855,0.002869
1357711971000,734,0.000778,0.001923
1357711972000,774,0.000799,0.002357
1357711973000,593,0.000878,0.002201
1357711974000,534,0.000832,0.002193
1357711975000,465,0.000897,0.002242
1357711976000,846,0.000846,0.003043
1357711977000,583,0.000866,0.001985
1357711978000,552,0.001008,0.002086
1357711979000,447,0.000873,0.002754
1357711980000,391,0.000999,0.001957
1357711981000,782,0.000936,0.002368
1357711982000,848,0.000990,0.002770
1357711983000,925,0.000744,0.002633
1357711984000,638,0.000916,0.003357
1357711985000,778,0.000796,0.002102
1357711986000,678,0.000912,0.002251
1357711987000,871,0.000847,0.002525
1357711988000,450,0.000882,0.002258
1357711989000,392,0.000839,0.001990
1357711990000,368,0.000717,0.001582
1357711991000,552,0.000970,0.002018
1357711992000,709,0.000801,0.001969
1357711993000,463,0.000836,0.002042
1357711994000,684,0.000870,0.002065
1357711995000,513,0.000994,0.002728
1357711996000,782,0.000775,0.002506
1357711997000,624,0.000866,0.002224
1357711998000,570,0.000988,0.002475
1357711999000,473,0.000853,0.002496
1357712000000,507,0.000896,0.002199
1357712001000,526,0.000842,0.003980
1357712002000,705,0.000888,0.002256
1357712003000,542,0.000838,0.002294
1357712004000,448,0.000932,0.001904
1357712005000,478,0.000841,0.002402
1357712006000,583,0.000818,0.002178
1357712007000,762,0.000798,0.001894
1357712008000,678,0.000849,0.002217
1357712009000,536,0.000921,0.002824
1357712010000,807,0.000854,0.002188
1357712011000,630,0.000713,0.002143
1357712012000,517,0.000773,0.001886
1357712013000,478,0.000967,0.009039
1357712014000,983,0.000848,0.003737
1357712015000,620,0.000806,0.002315
1357712016000,694,0.000917,0.002206
1357712017000,488,0.000783,0.002827
1357712018000,596,0.000969,0.001849
1357712019000,808,0.000868,0.002849
1357712020000,586,0.000827,0.002002
1357712021000,583,0.000879,0.002962
1357712022000,546,0.000761,0.002154
1357712023000,772,0.000860,0.002313
1357712024000,602,0.000856,0.002411
1357712025000,632,0.000881,0.001999
1357712026000,540,0.000920,0.012373
1357712027000,469,0.000855,0.002350
1357712028000,517,0.000785,0.001945
1357712029000,695,0.000712,0.001956
1357712030000,628,0.000677,0.002021
1357712031000,569,0.000897,0.003509
1357712032000,489,0.000768,0.002223
1357712033000,496,0.000947,0.002048
1357712034000,525,0.000723,0.003144
1357712035000,656,0.000776,0.001771
1357712036000,512,0.000799,0.001934
1357712037000,492,0.000733,0.001945
1357712038000,593,0.000976,0.002221
1357712039000,619,0.000863,0.002586
1357712040000,779,0.000937,0.002241
1357712041000,729,0.000862,0.002464
1357712042000,503,0.000926,0.002524
1357712043000,609,0.000877,0.001938
1357712044000,406,0.000692,0.001842
1357712045000,592,0.000839,0.003294
1357712046000,405,0.000915,0.002198
1357712047000,708,0.001324,0.006642
1357712048000,630,0.000777,0.002091
1357712049000,729,0.000876,0.002109
1357712050000,890,0.000736,0.001751
1357712051000,587,0.000795,0.002118
1357712052000,749,0.000848,0.002270
1357712053000,481,0.000920,0.002254
1357712054000,554,0.000813,0.002358
1357712055000,813,0.000922,0.002121
1357712056000,372,0.000823,0.002177
1357712057000,670,0.000745,0.002043
1357712058000,523,0.000867,0.003122
1357712059000,557,0.000717,0.001523
1357712060000,543,0.000688,0.002028
1357712061000,484,0.000796,0.002043
1357712062000,655,0.000894,0.002485
1357712063000,647,0.000661,0.001885
1357712064000,429,0.000921,0.002009
1357712065000,854,0.000875,0.002513
1357712066000,680,0.000897,0.001996
1357712067000,677,0.000821,0.001886
1357712068000,379,0.000887,0.002135
1357712069000,639,0.000968,0.002598
1357712070000,678,0.000788,0.002297
1357712071000,587,0.000817,0.001897
1357712072000,796,0.000793,0.001938
1357712073000,542,0.000782,0.002069
1357712074000,294,0.000632,0.002562
1357712075000,570,0.000818,0.002142
1357712076000,345,0.000834,0.004185
1357712077000,550,0.000813,0.001746
1357712078000,723,0.000910,0.002196
1357712079000,618,0.000779,0.002182
1357712080000,674,0.000809,0.002053
1357712081000,536,0.000746,0.001938
1357712082000,533,0.000830,0.002933
1357712083000,700,0.001069,0.003700
1357712084000,553,0.000870,0.002745
1357712085000,776,0.000790,0.001800
1357712086000,476,0.000786,0.001873
1357712087000,698,0.000812,0.002116
1357712088000,544,0.000832,0.002170
1357712089000,646,0.000794,0.001930
1357712090000,615,0.000810,0.001789
1357712091000,440,0.000801,0.001796
1357712092000,618,0.000745,0.002025
1357712093000,343,0.000995,0.002658
1357712094000,505,0.000702,0.002189
1357712095000,423,0.000793,0.002613
1357712096000,687,0.000808,0.001972
1357712097000,513,0.000887,0.002208
1357712098000,370,0.000917,0.002022
1357712099000,707,0.000721,0.001867
1357712100000,515,0.000874,0.002053
1357712101000,548,0.000769,0.001974
1357712102000,575,0.000842,0.001729
1357712103000,424,0.000657,0.005454
1357712104000,626,0.000896,0.002197
1357712105000,750,0.001322,0.004615
1357712106000,818,0.001507,0.005729
1357712107000,939,0.001653,0.012110
1357712108000,1270,0.001347,0.003496
1357712109000,920,0.001815,0.913491
1357712110000,571,0.021223,0.031454
1357712111000,518,0.002232,1.800288
1357712112000,528,0.002745,0.011638
1357712113000,1694,0.002984,1.062001
1357712114000,1815,0.003926,1.814334
1357712116000,2176,0.005551,0.036988
1357712117000,892,0.013049,0.812074
1357712118000,864,0.007525,1.977396
1357712120000,3161,0.010589,0.067035
1357712121000,546,0.028511,2.216033
1357712123000,1678,0.007507,0.060851
1357712124000,1579,0.026176,2.334711
1357712126000,446,0.038280,0.092317
1357712127000,2794,0.037871,1.400678
1357712129000,1408,0.028707,1.647955
1357712131000,1830,0.032009,0.092827
1357712132000,843,0.051415,2.315006
1357712135000,2098,0.037316,0.087108
1357712136000,637,0.062073,2.336284
1357712138000,1173,0.042673,0.096732
1357712139000,2300,0.040808,2.060757
1357712141000,227,0.048012,0.122942
1357712142000,1477,0.049162,0.291361
1357712143000,811,0.039056,2.442781
1357712145000,367,0.034301,0.095510
1357712146000,3125,0.032259,0.087512
1357712147000,833,0.085529,2.178896
1357712150000,2555,0.049108,0.111544
1357712151000,1415,0.077216,1.944399
1357712153000,864,0.062571,0.125376
1357712154000,2572,0.055023,0.128666
1357712155000,2522,0.050791,0.375242
1357712156000,957,0.037710,1.750954
1357712158000,2801,0.025050,0.088935
1357712159000,1497,0.049206,1.458976
1357712160000,145,0.035336,0.065735
1357712161000,1224,0.010449,1.132979
1357712162000,938,0.036630,0.090049
1357712163000,3228,0.021919,0.905000
1357712164000,1062,0.050171,0.114444
1357712165000,3226,0.011133,0.081060
1357712167000,5265,0.013510,0.054931
1357712168000,2286,0.042063,0.140057
1357712169000,840,0.051302,2.404025
1357712171000,1752,0.013952,0.076227
1357712172000,3780,0.026774,0.092977
1357712173000,3021,0.039502,0.300742
1357712174000,2106,0.052790,1.688543
1357712176000,1124,0.046471,0.118458
1357712177000,3199,0.044860,0.111726
1357712178000,3595,0.036277,0.102849
1357712179000,533,0.068498,2.303485
1357712181000,1849,0.043847,0.110024
1357712182000,2760,0.038997,0.153330
1357712183000,2503,0.051322,0.117117
1357712184000,1110,0.065857,1.285394
1357712185000,937,0.051656,0.114331
1357712186000,2360,0.060320,0.149569
1357712187000,1290,0.056723,1.061535
1357712188000,1461,0.054477,0.129197
1357712189000,2118,0.031082,0.403742
1357712190000,10,1.125757,1.194721
1357712191000,1448,0.039444,0.109382
1357712192000,639,0.001282,0.010998
1357712193000,344,0.002624,2.882454
1357712194000,28,2.636815,2.665433
1357712196000,770,0.036436,0.124304
1357712197000,1516,0.002402,0.033806
1357712198000,492,0.000984,0.003133
1357712199000,513,0.001123,0.005200
1357712200000,502,0.001293,0.004293
1357712201000,329,0.001246,0.005171
1357712202000,497,0.001370,0.054268
1357712203000,602,0.001008,0.002700
1357712204000,104,0.760706,1.555444
1357712205000,726,0.004574,0.058104
1357712206000,462,0.001153,1.075755
1357712207000,108,0.154186,0.793818
1357712208000,1105,0.001895,0.014671
1357712209000,441,0.002966,0.162508
1357712210000,625,0.001065,0.004897
1357712211000,535,0.005674,1.460296
1357712213000,1156,0.010192,0.044292
1357712214000,709,0.001196,0.004025
1357712215000,514,0.001493,0.013207
1357712216000,110,1.943058,2.527958
1357712217000,11,1.717393,1.725415
1357712218000,819,0.019544,0.060158
1357712219000,1067,0.001233,0.004357
1357712220000,512,0.000997,0.002957
1357712221000,359,0.001198,0.006363
1357712222000,437,0.001675,0.046936
1357712223000,73,2.640832,2.748877
1357712224000,6,1.755635,1.772386
1357712225000,439,0.045379,0.134465
1357712226000,1244,0.035417,0.110277
1357712227000,283,0.001140,0.002783
1357712228000,338,0.001075,0.002311
1357712229000,465,0.001751,0.003646
1357712230000,547,0.001072,0.003240
1357712231000,533,0.001036,0.003186
1357712232000,441,0.001304,0.158768
1357712233000,676,0.001191,0.005956
1357712234000,405,0.000917,0.003759
1357712235000,547,0.000985,0.003022
1357712236000,532,0.000998,0.003684
1357712237000,770,0.001021,0.003673
1357712238000,669,0.001053,0.003027
1357712239000,404,0.001015,0.003832
1357712240000,404,0.000979,0.002227
1357712241000,340,0.001073,0.002216
1357712242000,607,0.001066,0.023826
1357712243000,555,0.001003,0.002325
1357712244000,459,0.000956,0.002867
1357712245000,591,0.001060,0.003680
1357712246000,298,0.000991,0.002161
1357712247000,565,0.000829,0.002165
1357712248000,542,0.000832,0.002577
1357712249000,544,0.000944,0.003441
1357712250000,526,0.000860,0.002229
1357712251000,466,0.000813,0.001742
1357712252000,726,0.000853,0.001918
1357712253000,708,0.000846,0.002041
1357712254000,574,0.001077,0.002262
1357712255000,679,0.000848,0.002348
1357712256000,465,0.001058,0.002845
1357712257000,527,0.001054,0.004732
1357712258000,545,0.000707,0.002132
1357712259000,503,0.000786,0.001776
1357712260000,564,0.000935,0.002104
1357712261000,598,0.000834,0.001663
1357712262000,442,0.000870,0.003190
1357712263000,524,0.000959,0.002309
1357712264000,714,0.000880,0.001913
1357712265000,486,0.000831,0.002283
1357712266000,391,0.000864,0.002173
1357712267000,512,0.000920,0.002151
1357712268000,642,0.000794,0.001797
1357712269000,508,0.000884,0.002104
1357712270000,488,0.000799,0.001907
1357712271000,269,0.000808,0.002180
1357712272000,558,0.000828,0.001706
1357712273000,473,0.000863,0.001718
1357712274000,498,0.000932,0.001986
1357712275000,356,0.000840,0.002359
1357712276000,490,0.000803,0.002209
1357712277000,687,0.000898,0.001972
1357712278000,504,0.000774,0.001823
1357712279000,659,0.000794,0.002052
1357712280000,615,0.000942,0.002089
1357712281000,450,0.000915,0.002407
1357712282000,589,0.000935,0.002000
1357712283000,291,0.000829,0.001876
1357712284000,532,0.000854,0.002038
1357712285000,801,0.000830,0.002019
1357712286000,839,0.000764,0.002535
1357712287000,509,0.000918,0.002406
1357712288000,390,0.000866,0.002890
1357712289000,510,0.001455,0.003650
1357712290000,346,0.000925,0.002106
1357712291000,570,0.000837,0.002068
1357712292000,698,0.000831,0.002188
1357712293000,503,0.000830,0.004187
1357712294000,467,0.000928,0.002300
1357712295000,539,0.000900,0.002181
1357712296000,691,0.000841,0.002353
1357712297000,702,0.000789,0.002177
1357712298000,626,0.000842,0.001915
1357712299000,362,0.000959,0.001870
1357712300000,479,0.001018,0.002795
1357712301000,591,0.000893,0.002182
1357712302000,446,0.001002,0.011372
1357712303000,516,0.000963,0.002797
1357712304000,559,0.000876,0.001953
1357712305000,579,0.000838,0.002778
1357712306000,520,0.000925,0.001978
1357712307000,537,0.000884,0.002643
1357712308000,619,0.000879,0.001940
1357712309000,546,0.000696,0.001745
1357712310000,421,0.000861,0.004503
1357712311000,616,0.000844,0.002319
1357712312000,762,0.000894,0.002825
1357712313000,716,0.000887,0.002231
1357712314000,572,0.000849,0.001877
1357712315000,352,0.000831,0.001970
1357712316000,825,0.000862,0.002371
1357712317000,533,0.000833,0.002045
1357712318000,477,0.000859,0.002168
1357712319000,666,0.000815,0.002416
1357712320000,576,0.000842,0.002807
1357712321000,645,0.000808,0.006812
1357712322000,550,0.000796,0.001939
1357712323000,811,0.000931,0.002437
1357712324000,719,0.000810,0.001969
1357712325000,541,0.001128,0.003984
1357712326000,489,0.000980,0.004963
1357712327000,585,0.000801,0.001955
1357712328000,628,0.000738,0.001972
1357712329000,564,0.000853,0.002338
1357712330000,483,0.000912,0.001726
1357712331000,418,0.000907,0.001921
1357712332000,511,0.000835,0.002460
1357712333000,402,0.000912,0.001831
1357712334000,511,0.001006,0.003198
1357712335000,539,0.000900,0.003461
1357712336000,566,0.000816,0.002173
1357712337000,562,0.000864,0.001920
1357712338000,654,0.000960,0.004758
1357712339000,360,0.000775,0.001786
1357712340000,362,0.001038,0.001972
1357712341000,609,0.000971,0.002085
1357712342000,508,0.000821,0.002730
1357712343000,648,0.000947,0.003295
1357712344000,497,0.000845,0.002517
1357712345000,464,0.000754,0.001668
1357712346000,453,0.000961,0.002020
1357712347000,354,0.000839,0.002024
1357712348000,606,0.000885,0.002424
1357712349000,403,0.000815,0.001930
1357712350000,596,0.000798,0.002736
1357712351000,602,0.000793,0.002411
1357712352000,501,0.000683,0.001754
1357712353000,609,0.000884,0.001933
1357712354000,576,0.000969,0.001901
1357712355000,706,0.000860,0.002036
1357712356000,581,0.000793,0.001831
1357712357000,550,0.000893,0.002232
1357712358000,647,0.000903,0.002236
1357712359000,494,0.000804,0.002342
1357712360000,589,0.000898,0.002276
1357712361000,679,0.000833,0.001971
1357712362000,712,0.000885,0.002180
1357712363000,732,0.000721,0.001624
1357712364000,518,0.000784,0.002022
1357712365000,432,0.000855,0.002160
1357712366000,297,0.000825,0.001600
1357712367000,631,0.000913,0.002133
1357712368000,543,0.000907,0.002240
1357712369000,642,0.000843,0.002057
1357712370000,565,0.000818,0.001875
1357712371000,409,0.000760,0.002198
1357712372000,668,0.000900,0.002180
1357712373000,573,0.000765,0.001821
1357712374000,428,0.000782,0.001692
1357712375000,587,0.000806,0.002056
1357712376000,494,0.000849,0.002458
1357712377000,505,0.000845,0.002421
1357712378000,568,0.000707,0.001842
1357712379000,458,0.000812,0.002712
1357712380000,732,0.000863,0.001987
1357712381000,550,0.000800,0.002263
1357712382000,584,0.000930,0.002267
1357712383000,534,0.000901,0.002718
1357712384000,398,0.000737,0.001937
1357712385000,833,0.000837,0.002094
1357712386000,534,0.000806,0.001786
1357712387000,463,0.000986,0.003338
1357712388000,337,0.000736,0.001806
1357712389000,513,0.000733,0.001822
1357712390000,488,0.000805,0.002121
1357712391000,569,0.000955,0.002286
1357712392000,495,0.001064,0.012248
1357712393000,310,0.000709,0.001583
1357712394000,456,0.000901,0.004114
1357712395000,891,0.000846,0.002092
1357712396000,577,0.000884,0.001742
1357712397000,479,0.000908,0.001823
1357712398000,556,0.000913,0.002975
1357712399000,602,0.000883,0.002082
1357712400000,340,0.000895,0.004797
1357712401000,341,0.001058,0.003256
1357712402000,714,0.001038,0.003269
1357712403000,575,0.001017,0.002107
1357712404000,489,0.000958,0.003032
1357712405000,461,0.000889,0.002020
1357712406000,649,0.000889,0.001891
1357712407000,424,0.000796,0.001799
1357712408000,447,0.000831,0.002390
1357712409000,465,0.001391,0.004804
1357712410000,502,0.000758,0.002322
1357712411000,382,0.000789,0.002023
1357712412000,443,0.000806,0.002139
1357712413000,726,0.000779,0.002334
1357712414000,517,0.000932,0.002498
1357712415000,457,0.000838,0.002936
1357712416000,509,0.000966,0.002356
1357712417000,547,0.000781,0.002235
1357712418000,519,0.000868,0.002030
1357712419000,471,0.000858,0.002485
1357712420000,512,0.000814,0.002015
1357712421000,703,0.000929,0.002620
1357712422000,417,0.000763,0.005887
1357712423000,571,0.000882,0.002856
1357712424000,702,0.000829,0.002383
1357712425000,664,0.000909,0.001906
1357712426000,655,0.000769,0.001994
1357712427000,599,0.000936,0.002180
1357712428000,470,0.000940,0.004081
1357712429000,710,0.000888,0.003172
1357712430000,380,0.000874,0.002087
1357712431000,231,0.000835,0.002091
1357712432000,674,0.000843,0.002726
1357712433000,584,0.000986,0.002933
1357712434000,553,0.000832,0.002013
1357712435000,747,0.000856,0.002238
1357712436000,586,0.000879,0.002183
1357712437000,475,0.000851,0.001842
1357712438000,600,0.001040,0.002702
1357712439000,502,0.000871,0.002400
1357712440000,490,0.000798,0.001598
1357712441000,568,0.000958,0.002126
1357712442000,582,0.000920,0.002610
1357712443000,462,0.000849,0.002763
1357712444000,631,0.000837,0.002157
1357712445000,543,0.000941,0.004550
1357712446000,653,0.000892,0.001846
1357712447000,484,0.000802,0.001986
1357712448000,552,0.000835,0.001772
1357712449000,446,0.001009,0.001972
1357712450000,629,0.000854,0.001959
1357712451000,732,0.000839,0.002551
1357712452000,501,0.000822,0.001912
1357712453000,512,0.001082,0.003093
1357712454000,580,0.000870,0.001859
1357712455000,562,0.000892,0.002036
1357712456000,633,0.000818,0.001955
1357712457000,358,0.000831,0.001832
1357712458000,460,0.000911,0.002350
1357712459000,633,0.000738,0.002290
1357712460000,673,0.000739,0.001808
1357712461000,613,0.000836,0.002282
1357712462000,634,0.000823,0.002280
1357712463000,780,0.000909,0.003628
1357712464000,403,0.000850,0.002279
1357712465000,592,0.000870,0.002190
1357712466000,842,0.000834,0.002211
1357712467000,770,0.000868,0.002018
1357712468000,415,0.000881,0.002220
1357712469000,596,0.000917,0.003192
1357712470000,680,0.000707,0.001731
1357712471000,534,0.000877,0.002337
1357712472000,567,0.000892,0.002335
1357712473000,500,0.000940,0.002827
1357712474000,768,0.000809,0.002065
1357712475000,699,0.000775,0.001930
1357712476000,445,0.000969,0.001876
1357712477000,570,0.000703,0.001783
1357712478000,538,0.000952,0.003251
1357712479000,547,0.000822,0.001967
1357712480000,582,0.000862,0.001988
1357712481000,561,0.000838,0.001935
1357712482000,571,0.000862,0.001702
1357712483000,494,0.000868,0.002198
1357712484000,749,0.000745,0.001840
1357712485000,466,0.000832,0.002082
1357712486000,503,0.000797,0.001978
1357712487000,657,0.000839,0.003063
1357712488000,733,0.000915,0.002062
1357712489000,449,0.000897,0.003146
1357712490000,621,0.000897,0.002497
1357712491000,379,0.000845,0.001994
1357712492000,563,0.000810,0.002129
1357712493000,621,0.001006,0.002273
1357712494000,721,0.000982,0.005258
1357712495000,478,0.000818,0.002329
1357712496000,567,0.000901,0.002334
1357712497000,526,0.000906,0.003156
1357712498000,423,0.000808,0.002005
1357712499000,582,0.001050,0.005015
1357712500000,707,0.000944,0.002601
1357712501000,362,0.000799,0.001388
1357712502000,600,0.000795,0.001910
1357712503000,544,0.000820,0.001933
1357712504000,540,0.000924,0.003210
1357712505000,775,0.000880,0.002161
1357712506000,494,0.000898,0.002160
1357712507000,533,0.000894,0.002313
1357712508000,827,0.000822,0.002335
1357712509000,406,0.000760,0.001968
1357712510000,634,0.000934,0.002379
1357712511000,475,0.000740,0.001903
1357712512000,501,0.000786,0.002054
1357712513000,300,0.000849,0.002304
1357712514000,551,0.000650,0.001870
1357712515000,552,0.000874,0.002220
1357712516000,510,0.000789,0.002083
1357712517000,389,0.000860,0.001933
1357712518000,544,0.000856,0.001878
1357712519000,399,0.000854,0.003287
1357712520000,461,0.000788,0.001996
1357712521000,661,0.000908,0.002308
1357712522000,583,0.000882,0.002241
1357712523000,664,0.000892,0.002623
1357712524000,678,0.000828,0.002073
1357712525000,472,0.000970,0.001883
1357712526000,709,0.000840,0.002078
1357712527000,501,0.000948,0.004237
1357712528000,510,0.000909,0.002408
1357712529000,645,0.001298,0.003809
1357712530000,438,0.000929,0.002071
1357712531000,303,0.000813,0.002475
1357712532000,374,0.000849,0.002591
1357712533000,685,0.000924,0.003529
1357712534000,570,0.000946,0.003958
1357712535000,458,0.000965,0.002058
1357712536000,373,0.000797,0.001819
1357712537000,712,0.000834,0.001879
1357712538000,478,0.001108,0.002622
1357712539000,525,0.000736,0.001987
1357712540000,613,0.000837,0.002050
1357712541000,857,0.000761,0.002177
1357712542000,634,0.000855,0.002817
1357712543000,473,0.000729,0.001922
1357712544000,486,0.000779,0.001959
1357712545000,607,0.000895,0.002093
1357712546000,481,0.000774,0.001841
1357712547000,583,0.000821,0.001800
1357712548000,618,0.000827,0.002068
1357712549000,527,0.000784,0.001911
1357712550000,776,0.000884,0.001884
1357712551000,517,0.000825,0.004503
1357712552000,695,0.000804,0.001918
1357712553000,795,0.000943,0.002578
1357712554000,585,0.000868,0.002475
1357712555000,491,0.000780,0.002147
1357712556000,639,0.000791,0.002313
1357712557000,774,0.000774,0.001862
1357712558000,770,0.000824,0.002189
1357712559000,578,0.000808,0.001876
1357712560000,526,0.000833,0.002020
1357712561000,670,0.000879,0.002517
1357712562000,769,0.000811,0.002034
1357712563000,324,0.000644,0.001855
1357712564000,416,0.000772,0.002288
1357712565000,658,0.000835,0.001922
1357712566000,610,0.000886,0.002756
1357712567000,539,0.000748,0.002281
1357712568000,977,0.000893,0.003202
1357712569000,605,0.000862,0.002203
1357712570000,776,0.000878,0.002158
1357712571000,336,0.000829,0.002404
1357712572000,608,0.000822,0.001723
1357712573000,592,0.000933,0.002522
1357712574000,564,0.000916,0.002233
1357712575000,478,0.000899,0.002058
1357712576000,493,0.000800,0.002696
1357712577000,625,0.000768,0.001797
1357712578000,528,0.000775,0.001810
1357712579000,588,0.000800,0.001802
1357712580000,565,0.000957,0.003418
1357712581000,666,0.000931,0.002595
1357712582000,666,0.000889,0.002477
1357712583000,565,0.000847,0.001959
1357712584000,471,0.000918,0.002621
1357712585000,676,0.000820,0.003316
1357712586000,640,0.000832,0.001894
1357712587000,378,0.000835,0.002024
1357712588000,626,0.000690,0.001905
1357712589000,423,0.001006,0.003692
1357712590000,547,0.000818,0.002303
1357712591000,817,0.000888,0.003506
1357712592000,610,0.000876,0.002387
1357712593000,510,0.000810,0.001778
1357712594000,552,0.000788,0.002317
1357712595000,443,0.000689,0.002094
1357712596000,669,0.000778,0.001666
1357712597000,664,0.000753,0.001917
1357712598000,404,0.000794,0.011063
1357712599000,426,0.000771,0.002779
1357712600000,558,0.000860,0.001722
1357712601000,505,0.000798,0.001830
1357712602000,619,0.000779,0.002543
1357712603000,537,0.000846,0.002427
1357712604000,594,0.000871,0.002904
1357712605000,654,0.000783,0.002265
1357712606000,433,0.000806,0.001678
1357712607000,363,0.000742,0.001777
1357712608000,721,0.000900,0.002684
1357712609000,628,0.000852,0.002536
1357712610000,713,0.000779,0.002008
1357712611000,448,0.000830,0.004002
1357712612000,597,0.001088,0.418962
1357712613000,571,0.000918,0.010238
1357712614000,657,0.000773,0.002439
1357712615000,772,0.000762,0.001703
1357712616000,751,0.000856,0.001786
1357712617000,659,0.000766,0.001871
1357712618000,495,0.000903,0.002913
1357712619000,526,0.000776,0.001849
1357712620000,684,0.000772,0.002116
1357712621000,471,0.000733,0.002119
1357712622000,471,0.000851,0.002045
1357712623000,407,0.000839,0.002032
1357712624000,540,0.000848,0.002699
1357712625000,468,0.000750,0.003654
1357712626000,699,0.000767,0.002062
1357712627000,455,0.000665,0.002045
1357712628000,579,0.000843,0.002280
1357712629000,471,0.000908,0.003422
1357712630000,652,0.000838,0.002683
1357712631000,845,0.000846,0.002055
1357712632000,993,0.000792,0.002313
1357712633000,691,0.000955,0.002578
1357712634000,317,0.000818,0.001599
1357712635000,594,0.000911,0.002940
1357712636000,317,0.000719,0.003119
1357712637000,853,0.000844,0.001984
1357712638000,541,0.000781,0.002640
1357712639000,551,0.000787,0.001907
1357712640000,567,0.000869,0.001972
1357712641000,718,0.000867,0.002292
1357712642000,702,0.000836,0.001858
1357712643000,840,0.000964,0.005072
1357712644000,555,0.000832,0.002399
1357712645000,542,0.000747,0.002672
1357712646000,393,0.000758,0.002072
1357712647000,295,0.000945,0.002929
1357712648000,681,0.000736,0.001891
1357712649000,372,0.000784,0.001874
1357712650000,436,0.000759,0.001955
1357712651000,318,0.000681,0.001518
1357712652000,488,0.000831,0.002005
1357712653000,785,0.000805,0.001905
1357712654000,860,0.000871,0.001646
1357712655000,945,0.000876,0.003128
1357712656000,482,0.000844,0.001850
1357712657000,777,0.000808,0.002166
1357712658000,575,0.000881,0.002110
1357712659000,606,0.000809,0.001990
1357712660000,574,0.000832,0.002572
1357712661000,690,0.000814,0.002027
1357712662000,756,0.000738,0.001754
1357712663000,431,0.000854,0.001681
1357712664000,399,0.000953,0.002802
1357712665000,642,0.000820,0.002269
1357712666000,819,0.000802,0.002484
1357712667000,583,0.000919,0.002282
1357712668000,467,0.000791,0.001781
1357712669000,510,0.000879,0.001729
1357712670000,761,0.000866,0.002217
1357712671000,463,0.000946,0.001922
1357712672000,662,0.000763,0.001514
1357712673000,363,0.000923,0.002796
1357712674000,536,0.000864,0.002429
1357712675000,547,0.000820,0.002137
1357712676000,548,0.000939,0.002031
1357712677000,694,0.000867,0.002054
1357712678000,518,0.000778,0.001958
1357712679000,429,0.000954,0.003201
1357712680000,558,0.000850,0.001839
1357712681000,503,0.000832,0.002238
1357712682000,438,0.000875,0.001738
1357712683000,621,0.000954,0.002338
1357712684000,628,0.000773,0.001868
1357712685000,578,0.000897,0.002572
1357712686000,581,0.000874,0.001868
1357712687000,812,0.000716,0.001747
1357712688000,507,0.000824,0.001699
1357712689000,604,0.000888,0.002074
1357712690000,678,0.000791,0.002533
1357712691000,615,0.000859,0.002007
1357712692000,677,0.000718,0.002460
1357712693000,597,0.000834,0.002277
1357712694000,529,0.000834,0.003135
1357712695000,276,0.000829,0.002819
1357712696000,516,0.000795,0.001819
1357712697000,576,0.000721,0.001813
1357712698000,606,0.001019,0.002720
1357712699000,549,0.000735,0.002031
1357712700000,632,0.000780,0.001928
1357712701000,379,0.001187,0.002695
1357712702000,652,0.000777,0.002035
1357712703000,567,0.000800,0.001708
1357712704000,809,0.000782,0.002432
1357712705000,519,0.000783,0.001906
1357712706000,431,0.000951,0.002115
1357712707000,718,0.000840,0.002198
1357712708000,527,0.000952,0.003683
1357712709000,654,0.000676,0.001765
1357712710000,586,0.000840,0.001879
1357712711000,398,0.000919,0.003151
1357712712000,518,0.000783,0.002914
1357712713000,602,0.001020,0.002157
1357712714000,612,0.000814,0.001687
1357712715000,589,0.000840,0.001883
1357712716000,518,0.000804,0.002348
1357712717000,379,0.000806,0.001916
1357712718000,437,0.000838,0.002748
1357712719000,546,0.000802,0.002343
1357712720000,509,0.000662,0.001982
1357712721000,440,0.000825,0.001699
1357712722000,661,0.000834,0.002355
1357712723000,464,0.000869,0.003020
1357712724000,472,0.000949,0.002177
1357712725000,703,0.000864,0.002500
1357712726000,900,0.001006,0.002791
1357712727000,590,0.000935,0.002667
1357712728000,463,0.000903,0.001743
1357712729000,504,0.000755,0.002384
1357712730000,528,0.000842,0.003481
1357712731000,743,0.000843,0.002654
1357712732000,396,0.000924,0.002409
1357712733000,519,0.000839,0.002173
1357712734000,546,0.000780,0.002161
1357712735000,337,0.000629,0.001703
1357712736000,583,0.000893,0.002375
1357712737000,437,0.000755,0.002218
1357712738000,662,0.000892,0.002360
1357712739000,616,0.000902,0.002406
1357712740000,546,0.000777,0.003618
1357712741000,579,0.000807,0.001916
1357712742000,543,0.000855,0.001993
1357712743000,850,0.000897,0.002197
1357712744000,335,0.000827,0.002018
1357712745000,565,0.000931,0.001898
1357712746000,652,0.000819,0.002013
1357712747000,638,0.000831,0.002009
1357712748000,497,0.000849,0.002498
1357712749000,635,0.000839,0.002273
1357712750000,330,0.001001,0.005227
1357712751000,473,0.000741,0.001708
1357712752000,624,0.000925,0.002051
1357712753000,371,0.000852,0.001915
1357712754000,598,0.000948,0.002898
1357712755000,739,0.000798,0.001750
1357712756000,794,0.000846,0.001971
1357712757000,570,0.000741,0.001937
1357712758000,622,0.000797,0.002927
1357712759000,354,0.000735,0.001546
1357712760000,519,0.000852,0.001933
1357712761000,489,0.000788,0.002780
1357712762000,692,0.000803,0.002392
1357712763000,662,0.000711,0.002697
1357712764000,458,0.000665,0.001729
1357712765000,576,0.000882,0.002136
1357712766000,752,0.000903,0.002429
1357712767000,438,0.000797,0.002286
1357712768000,612,0.000876,0.002635
1357712769000,388,0.000878,0.002130
1357712770000,639,0.000774,0.001704
1357712771000,590,0.000827,0.001640
1357712772000,442,0.000742,0.001671
1357712773000,591,0.000842,0.001904
1357712774000,677,0.000904,0.002514
1357712775000,657,0.000745,0.002016
1357712776000,799,0.000843,0.002003
1357712777000,462,0.000852,0.001949
1357712778000,574,0.000855,0.003829
1357712779000,559,0.000779,0.001823
1357712780000,683,0.000770,0.001801
1357712781000,571,0.000917,0.002419
1357712782000,691,0.000792,0.001969
1357712783000,610,0.000849,0.002044
1357712784000,604,0.000853,0.002407
1357712785000,617,0.000723,0.001880
1357712786000,719,0.000898,0.002168
1357712787000,730,0.000793,0.002210
1357712788000,538,0.000949,0.002269
1357712789000,579,0.001029,0.003073
1357712790000,504,0.000847,0.003075
1357712791000,498,0.000829,0.002509
1357712792000,567,0.000816,0.001929
1357712793000,609,0.000901,0.002608
1357712794000,716,0.000909,0.002404
1357712795000,488,0.000835,0.001941
1357712796000,342,0.000938,0.002353
1357712797000,616,0.000759,0.001843
1357712798000,869,0.000981,0.003790
1357712799000,554,0.001043,0.019511
1357712800000,597,0.000789,0.002427
1357712801000,594,0.000971,0.002447
1357712802000,594,0.000882,0.002004
1357712803000,455,0.000769,0.001665
1357712804000,1012,0.000832,0.001790
1357712805000,545,0.000852,0.001918
1357712806000,527,0.000958,0.001899
1357712807000,691,0.000984,0.002805
1357712808000,898,0.000777,0.001875
1357712809000,494,0.000914,0.002076
1357712810000,506,0.000996,0.002056
1357712811000,532,0.000804,0.002341
1357712812000,476,0.000929,0.002187
1357712813000,572,0.000938,0.003067
1357712814000,774,0.000957,0.004553
1357712815000,606,0.000798,0.002310
1357712816000,507,0.000779,0.001759
1357712817000,384,0.000878,0.001999
1357712818000,440,0.000782,0.002204
1357712819000,424,0.000772,0.001688
1357712820000,571,0.001029,0.002273
1357712821000,650,0.000785,0.002309
1357712822000,464,0.000710,0.002048
1357712823000,539,0.000755,0.003021
1357712824000,502,0.000866,0.002956
1357712825000,673,0.000758,0.002204
1357712826000,580,0.000914,0.001890
1357712827000,693,0.000868,0.002189
1357712828000,563,0.000811,0.003372
1357712829000,519,0.000813,0.001945
1357712830000,597,0.000851,0.001879
1357712831000,607,0.000675,0.002226
1357712832000,570,0.000850,0.002312
1357712833000,472,0.001034,0.002711
1357712834000,324,0.000827,0.002157
1357712835000,494,0.000826,0.001990
1357712836000,588,0.000715,0.001646
1357712837000,510,0.000834,0.002596
1357712838000,564,0.000800,0.002269
1357712839000,518,0.000840,0.001940
1357712840000,422,0.000810,0.001944
1357712841000,542,0.000780,0.002229
1357712842000,522,0.000961,0.005591
1357712843000,567,0.000832,0.001965
1357712844000,485,0.000840,0.002082
1357712845000,646,0.000855,0.002443
1357712846000,587,0.000793,0.002777
1357712847000,683,0.000873,0.001774
1357712848000,550,0.000892,0.006120
1357712849000,660,0.000767,0.001819
1357712850000,609,0.000845,0.002137
1357712851000,526,0.000787,0.001848
1357712852000,692,0.000900,0.002199
1357712853000,612,0.000912,0.003441
1357712854000,428,0.000798,0.001962
1357712855000,339,0.000865,0.001886
1357712856000,629,0.000873,0.002028
1357712857000,416,0.000829,0.001725
1357712858000,685,0.000820,0.001776
1357712859000,697,0.000884,0.002359
1357712860000,680,0.000784,0.001858
1357712861000,577,0.000845,0.002349
1357712862000,514,0.000697,0.001817
1357712863000,568,0.000642,0.001519
1357712864000,424,0.000920,0.002110
1357712865000,535,0.000900,0.003188
1357712866000,591,0.000782,0.001815
1357712867000,795,0.000759,0.002793
1357712868000,435,0.000806,0.001997
1357712869000,713,0.000872,0.001930
1357712870000,494,0.000832,0.002041
1357712871000,586,0.000928,0.002270
1357712872000,672,0.000704,0.001820
1357712873000,502,0.000783,0.002256
1357712874000,538,0.000862,0.001780
1357712875000,585,0.001010,0.004053
1357712876000,495,0.000909,0.001872
1357712877000,384,0.000759,0.002256
1357712878000,470,0.000810,0.001739
1357712879000,687,0.000758,0.001985
1357712880000,530,0.000839,0.002328
1357712881000,599,0.000912,0.001955
1357712882000,490,0.000836,0.002191
1357712883000,671,0.001004,0.003231
1357712884000,740,0.000763,0.001990
1357712885000,559,0.000834,0.002297
1357712886000,650,0.000892,0.002172
1357712887000,639,0.000876,0.002253
1357712888000,547,0.000811,0.002219
1357712889000,299,0.000902,0.002372
1357712890000,354,0.000874,0.003058
1357712891000,652,0.000829,0.001899
1357712892000,535,0.000887,0.003004
1357712893000,552,0.000800,0.001686
1357712894000,701,0.000956,0.002593
1357712895000,478,0.000788,0.002008
1357712896000,665,0.000788,0.002046
1357712897000,525,0.000715,0.001915
1357712898000,677,0.000929,0.002442
1357712899000,442,0.000714,0.002288
1357712900000,443,0.001086,0.002818
1357712901000,457,0.000869,0.001927
1357712902000,332,0.000951,0.002580
1357712903000,554,0.000897,0.002291
1357712904000,560,0.000925,0.003440
1357712905000,981,0.000908,0.001936
1357712906000,388,0.000890,0.002415
1357712907000,479,0.000793,0.002074
1357712908000,684,0.000929,0.002833
1357712909000,571,0.000855,0.001985
1357712910000,375,0.000809,0.001726
1357712911000,386,0.000973,0.001890
1357712912000,505,0.000763,0.001984
1357712913000,560,0.000790,0.002960
1357712914000,563,0.000873,0.002619
1357712915000,532,0.000917,0.002027
1357712916000,511,0.000897,0.002211
1357712917000,639,0.000830,0.002781
1357712918000,437,0.000766,0.002028
1357712919000,589,0.001005,0.002510
1357712920000,479,0.000920,0.002103
1357712921000,712,0.000741,0.001910
1357712922000,731,0.000853,0.002608
1357712923000,617,0.000878,0.001820
1357712924000,347,0.000897,0.002064
1357712925000,483,0.000831,0.002022
1357712926000,844,0.000821,0.002112
1357712927000,507,0.000854,0.002022
1357712928000,557,0.000789,0.001738
1357712929000,463,0.000913,0.002498
1357712930000,800,0.000732,0.001975
1357712931000,486,0.000873,0.001770
1357712932000,741,0.000835,0.003219
1357712933000,575,0.000822,0.002123
1357712934000,446,0.000966,0.002478
1357712935000,553,0.000786,0.001690
1357712936000,589,0.000840,0.002217
1357712937000,698,0.000807,0.002171
1357712938000,421,0.000816,0.001985
1357712939000,433,0.000783,0.001939
1357712940000,525,0.000843,0.002347
1357712941000,535,0.000971,0.003848
1357712942000,1119,0.000890,0.002121
1357712943000,523,0.000718,0.002121
1357712944000,673,0.000878,0.007218
1357712945000,407,0.000856,0.002222
1357712946000,751,0.000866,0.002053
1357712947000,591,0.000809,0.001815
1357712948000,709,0.000774,0.002332
1357712949000,320,0.000917,0.001741
1357712950000,578,0.000864,0.002507
1357712951000,572,0.000925,0.002358
1357712952000,744,0.000848,0.002126
1357712953000,511,0.000765,0.001833
1357712954000,450,0.000784,0.003437
1357712955000,819,0.000738,0.002345
1357712956000,351,0.000861,0.001781
1357712957000,671,0.000763,0.001697
1357712958000,364,0.000807,0.002222
1357712959000,708,0.000862,0.001943
1357712960000,512,0.000869,0.002344
1357712961000,811,0.000840,0.001965
1357712962000,657,0.000765,0.001866
1357712963000,1015,0.000746,0.001872
1357712964000,457,0.001002,0.002173
1357712965000,643,0.001064,0.002483
1357712966000,611,0.000660,0.001731
1357712967000,570,0.000877,0.001983
1357712968000,711,0.000848,0.001997
1357712969000,873,0.000808,0.002028
1357712970000,446,0.000807,0.003177
1357712971000,569,0.000872,0.002061
1357712972000,706,0.000855,0.002341
1357712973000,578,0.000818,0.004816
1357712974000,484,0.000796,0.001687
1357712975000,598,0.000782,0.001861
1357712976000,749,0.000825,0.001840
1357712977000,671,0.000880,0.001858
1357712978000,617,0.000686,0.001817
1357712979000,603,0.000774,0.002086
1357712980000,621,0.000748,0.001859
1357712981000,492,0.000955,0.002392
1357712982000,693,0.000804,0.002158
1357712983000,701,0.000989,0.002601
1357712984000,458,0.000880,0.001822
1357712985000,557,0.000854,0.002111
1357712986000,586,0.000863,0.002449
1357712987000,766,0.000840,0.001699
1357712988000,768,0.000822,0.002490
1357712989000,501,0.000745,0.001827
1357712990000,582,0.000797,0.001705
1357712991000,835,0.000846,0.002051
1357712992000,516,0.000821,0.002669
1357712993000,500,0.000678,0.002285
1357712994000,597,0.001056,0.012524
1357712995000,489,0.001013,0.002837
1357712996000,504,0.000936,0.002630
1357712997000,460,0.000936,0.002414
1357712998000,390,0.000796,0.002793
1357712999000,690,0.000869,0.002195
1357713000000,584,0.000877,0.002064
1357713001000,525,0.000814,0.002074
1357713002000,625,0.000837,0.002157
1357713003000,497,0.000762,0.002168
1357713004000,739,0.000957,0.002787
1357713005000,538,0.001122,0.006738
1357713006000,723,0.001426,0.003066
1357713007000,1011,0.001350,0.002803
1357713008000,965,0.001596,0.006753
1357713009000,1234,0.002313,0.034424
1357713010000,378,0.127209,2.697209
1357713013000,4808,0.002808,0.020214
1357713014000,372,0.029216,0.670632
1357713015000,782,0.002754,1.989810
1357713017000,2434,0.003502,0.023027
1357713018000,413,0.264308,2.226848
1357713020000,1419,0.012024,0.049138
1357713021000,2359,0.012339,2.056743
1357713023000,43,0.037176,0.062566
1357713024000,1584,0.026648,0.677017
1357713025000,842,0.036646,2.093092
1357713027000,1176,0.032924,0.087839
1357713028000,1216,0.031984,0.649702
1357713029000,505,0.031536,2.008060
1357713031000,2446,0.030811,2.170405
1357713032000,2,2.172021,2.172021
1357713034000,1638,0.051935,0.239479
1357713035000,1603,0.034925,1.083082
1357713036000,1302,0.032953,0.089797
1357713037000,204,1.138627,1.154553
1357713038000,1765,0.039511,1.010627
1357713039000,792,0.033336,0.090782
1357713040000,262,1.494851,1.540895
1357713041000,1031,0.036253,0.108327
1357713042000,874,0.040633,0.952273
1357713043000,1829,0.032283,1.290070
1357713045000,1580,0.040952,1.354101
1357713046000,270,0.050736,0.114487
1357713047000,1471,0.054906,1.503816
1357713049000,2804,0.048498,0.121086
1357713050000,1538,0.073394,1.490888
1357713052000,1419,0.059275,0.120585
1357713053000,2846,0.038785,0.114075
1357713054000,333,1.863614,1.930832
1357713056000,2291,0.040374,0.101034
1357713057000,2601,0.013658,1.056532
1357713058000,2005,0.003655,0.037560
1357713059000,786,0.003554,0.794393
1357713060000,2496,0.016202,1.849350
1357713062000,1736,0.033231,0.088193
1357713063000,3357,0.046033,0.107214
1357713064000,4181,0.014387,0.105367
1357713066000,2714,0.033084,0.085742
1357713067000,1764,0.012591,0.726212
1357713068000,3244,0.045950,0.114482
1357713069000,548,0.059805,1.341474
1357713070000,1886,0.043408,0.109143
1357713071000,3242,0.041476,0.108428
1357713072000,3565,0.039066,0.108112
1357713073000,1956,0.045265,1.496680
1357713075000,4077,0.033549,0.088439
1357713076000,2293,0.049169,1.202398
1357713077000,351,0.054241,0.108603
1357713078000,3104,0.047163,0.108922
1357713079000,2320,0.048607,0.843592
1357713080000,1602,0.014664,0.069498
1357713081000,335,0.001331,2.172979
1357713082000,7,1.337146,1.578739
1357713083000,796,0.015181,0.034523
1357713084000,1407,0.001619,0.006171
1357713085000,290,0.001909,0.031379
1357713086000,365,0.001505,1.530671
1357713087000,605,0.006449,0.025335
1357713088000,1256,0.001115,0.003282
1357713089000,565,0.000995,0.002876
1357713090000,676,0.001021,0.002728
1357713091000,425,0.000912,0.003812
1357713092000,884,0.000903,0.002381
1357713093000,433,0.001074,0.005675
1357713094000,623,0.001088,0.046675
1357713095000,511,0.001240,0.004400
1357713096000,322,0.001258,0.011540
1357713097000,68,2.499133,3.149863
1357713098000,9,2.027930,2.126424
1357713100000,2157,0.004018,0.043542
1357713101000,530,0.001047,0.003213
1357713102000,384,0.001022,0.002513
1357713103000,520,0.001094,0.003092
1357713104000,200,0.001224,1.125466
1357713105000,681,0.005341,0.033378
1357713106000,698,0.001033,0.003982
1357713107000,311,0.001211,2.094933
1357713108000,17,1.746551,1.869664
1357713109000,358,0.026274,0.145463
1357713110000,1391,0.018727,0.176494
1357713111000,626,0.001064,0.003536
1357713112000,558,0.001362,0.003422
1357713113000,920,0.001015,0.002536
1357713114000,230,0.002193,1.475783
1357713115000,588,0.013138,0.059040
1357713116000,1112,0.001649,0.022979
1357713117000,560,0.000962,0.003547
1357713118000,269,0.116690,2.670158
1357713120000,16,0.046376,0.103848
1357713121000,2011,0.006459,0.032586
1357713122000,462,0.000946,0.004648
1357713123000,486,0.000902,0.002375
1357713124000,583,0.001000,0.002889
1357713125000,566,0.001106,0.003003
1357713126000,495,0.001046,0.002808
1357713127000,410,0.001110,0.002589
1357713128000,646,0.000970,0.002191
1357713129000,294,0.001052,0.008353
1357713130000,565,0.001141,0.029169
1357713131000,698,0.001076,0.003505
1357713132000,628,0.000841,0.003198
1357713133000,631,0.001111,0.004565
1357713134000,574,0.000955,0.002246
1357713135000,456,0.000824,0.002108
1357713136000,404,0.000840,0.002024
1357713137000,659,0.001049,0.003240
1357713138000,558,0.001007,0.003366
1357713139000,592,0.000940,0.002362
1357713140000,457,0.000756,0.002427
1357713141000,630,0.000851,0.002069
1357713142000,675,0.000912,0.003711
1357713143000,491,0.001191,0.003395
1357713144000,459,0.000826,0.004148
1357713145000,705,0.000940,0.001957
1357713146000,526,0.000798,0.002471
1357713147000,542,0.000878,0.002020
1357713148000,530,0.000879,0.001883
1357713149000,413,0.000869,0.002023
1357713150000,397,0.000940,0.002173
1357713151000,300,0.000874,0.001725
1357713152000,669,0.000911,0.001855
1357713153000,579,0.000884,0.001802
1357713154000,547,0.000820,0.002921
1357713155000,463,0.000804,0.002164
1357713156000,620,0.000910,0.003516
1357713157000,620,0.000830,0.001834
1357713158000,678,0.000869,0.002068
1357713159000,470,0.000950,0.002356
1357713160000,406,0.000872,0.001972
1357713161000,708,0.000856,0.001853
1357713162000,632,0.000904,0.001815
1357713163000,469,0.000830,0.001890
1357713164000,772,0.000784,0.002164
1357713165000,584,0.000808,0.001985
1357713166000,552,0.000917,0.001867
1357713167000,394,0.000748,0.001731
1357713168000,490,0.000868,0.002076
1357713169000,801,0.000923,0.001990
1357713170000,743,0.000941,0.002561
1357713171000,643,0.000826,0.002017
1357713172000,408,0.000786,0.001820
1357713173000,660,0.000894,0.002486
1357713174000,671,0.000775,0.002177
1357713175000,430,0.000942,0.001981
1357713176000,675,0.000843,0.002227
1357713177000,566,0.000833,0.002163
1357713178000,677,0.000849,0.002071
1357713179000,572,0.000750,0.001765
1357713180000,434,0.000845,0.001902
1357713181000,569,0.000780,0.002183
1357713182000,476,0.000807,0.001784
1357713183000,602,0.001020,0.003717
1357713184000,598,0.000737,0.001961
1357713185000,574,0.000926,0.002180
1357713186000,479,0.000801,0.001870
1357713187000,755,0.000747,0.001746
1357713188000,364,0.000904,0.002194
1357713189000,325,0.000806,0.002046
1357713190000,484,0.000866,0.002155
1357713191000,783,0.000715,0.001803
1357713192000,580,0.000823,0.001919
1357713193000,362,0.000784,0.001898
1357713194000,443,0.000756,0.002090
1357713195000,440,0.000910,0.002094
1357713196000,500,0.000871,0.001949
1357713197000,734,0.000879,0.003212
1357713198000,622,0.000856,0.002154
1357713199000,614,0.000759,0.002217
1357713200000,613,0.000942,0.002388
1357713201000,435,0.000890,0.002881
1357713202000,475,0.000885,0.002196
1357713203000,629,0.000997,0.003916
1357713204000,654,0.000854,0.002848
1357713205000,467,0.000769,0.001457
1357713206000,542,0.000731,0.002253
1357713207000,363,0.000988,0.002480
1357713208000,383,0.000729,0.001606
1357713209000,687,0.000763,0.002029
1357713210000,613,0.000941,0.003107
1357713211000,539,0.000870,0.002304
1357713212000,491,0.000895,0.002303
1357713213000,487,0.000897,0.001959
1357713214000,521,0.000706,0.002299
1357713215000,640,0.000947,0.002338
1357713216000,627,0.000789,0.001943
1357713217000,565,0.000814,0.002056
1357713218000,542,0.000851,0.002081
1357713219000,706,0.000969,0.003088
1357713220000,656,0.000975,0.002623
1357713221000,516,0.000925,0.002479
1357713222000,450,0.000737,0.002024
1357713223000,767,0.001056,0.002972
1357713224000,555,0.000871,0.002035
1357713225000,518,0.001079,0.107828
1357713226000,626,0.000795,0.001864
1357713227000,581,0.000823,0.002272
1357713228000,551,0.000867,0.003114
1357713229000,586,0.000736,0.001793
1357713230000,589,0.000920,0.003392
1357713231000,508,0.000889,0.002023
1357713232000,660,0.000767,0.002035
1357713233000,550,0.000901,0.002320
1357713234000,713,0.001025,0.002694
1357713235000,288,0.000783,0.001550
1357713236000,618,0.000953,0.002161
1357713237000,573,0.001161,0.005128
1357713238000,637,0.000922,0.001981
1357713239000,792,0.000761,0.002528
1357713240000,647,0.000824,0.002229
1357713241000,592,0.000948,0.003263
1357713242000,638,0.000919,0.001854
1357713243000,470,0.000888,0.002510
1357713244000,819,0.000804,0.002840
1357713245000,643,0.000854,0.002225
1357713246000,502,0.000832,0.002281
1357713247000,551,0.000786,0.004395
1357713248000,655,0.000899,0.002435
1357713249000,586,0.000820,0.002064
1357713250000,560,0.000892,0.001703
1357713251000,619,0.000800,0.001552
1357713252000,613,0.000891,0.002432
1357713253000,528,0.000824,0.001766
1357713254000,516,0.000856,0.002127
1357713255000,511,0.000729,0.001882
1357713256000,736,0.000860,0.001926
1357713257000,417,0.000754,0.002351
1357713258000,661,0.000905,0.002780
1357713259000,924,0.000899,0.002557
1357713260000,661,0.000773,0.001940
1357713261000,562,0.000885,0.001905
1357713262000,643,0.000849,0.002012
1357713263000,592,0.000802,0.002013
1357713264000,580,0.000817,0.002067
1357713265000,564,0.000740,0.001774
1357713266000,856,0.000820,0.002113
1357713267000,551,0.000901,0.002771
1357713268000,610,0.000827,0.001714
1357713269000,830,0.000817,0.001996
1357713270000,605,0.000830,0.001827
1357713271000,539,0.000912,0.003447
1357713272000,641,0.000807,0.001881
1357713273000,358,0.000911,0.002446
1357713274000,709,0.000899,0.003358
1357713275000,514,0.000778,0.001734
1357713276000,418,0.000945,0.002909
1357713277000,816,0.000889,0.002021
1357713278000,535,0.000794,0.002104
1357713279000,537,0.000876,0.002180
1357713280000,433,0.000925,0.001654
1357713281000,679,0.000979,0.002321
1357713282000,508,0.000806,0.001803
1357713283000,534,0.000813,0.001978
1357713284000,603,0.000853,0.001848
1357713285000,593,0.000893,0.003188
1357713286000,887,0.000854,0.002049
1357713287000,817,0.000846,0.002591
1357713288000,698,0.000754,0.002007
1357713289000,588,0.000870,0.001922
1357713290000,634,0.000931,0.001837
1357713291000,786,0.000846,0.002176
1357713292000,567,0.000927,0.001939
1357713293000,525,0.000825,0.002704
1357713294000,711,0.000745,0.001843
1357713295000,850,0.000842,0.002001
1357713296000,639,0.001051,0.004245
1357713297000,715,0.000985,0.002037
1357713298000,794,0.000836,0.001908
1357713299000,792,0.000841,0.002237
1357713300000,666,0.001034,0.005345
1357713301000,505,0.000962,0.002012
1357713302000,392,0.000854,0.002066
1357713303000,623,0.000847,0.003182
1357713304000,814,0.000830,0.002581
1357713305000,558,0.000927,0.002239
1357713306000,656,0.000756,0.001866
1357713307000,492,0.000750,0.001929
1357713308000,505,0.000996,0.001775
1357713309000,520,0.000850,0.002090
1357713310000,484,0.000858,0.002066
1357713311000,752,0.000824,0.001862
1357713312000,693,0.001059,0.003878
1357713313000,479,0.000906,0.002068
1357713314000,333,0.000829,0.001718
1357713315000,586,0.000852,0.002246
1357713316000,540,0.000847,0.002268
1357713317000,384,0.000847,0.002479
1357713318000,524,0.000861,0.002787
1357713319000,532,0.000837,0.002186
1357713320000,729,0.000746,0.001930
1357713321000,730,0.000931,0.003421
1357713322000,665,0.000983,0.002800
1357713323000,492,0.000795,0.002135
1357713324000,670,0.000771,0.002201
1357713325000,354,0.000825,0.002480
1357713326000,694,0.000953,0.002649
1357713327000,692,0.000943,0.002282
1357713328000,493,0.000775,0.002247
1357713329000,511,0.000871,0.002199
1357713330000,760,0.000839,0.002135
1357713331000,639,0.000729,0.002195
1357713332000,652,0.000896,0.001911
1357713333000,661,0.000840,0.002427
1357713334000,649,0.001061,0.003565
1357713335000,601,0.000771,0.002655
1357713336000,638,0.000843,0.002307
1357713337000,686,0.000860,0.002103
1357713338000,584,0.000690,0.001583
1357713339000,258,0.000836,0.001807
1357713340000,662,0.000907,0.003546
1357713341000,818,0.000787,0.002188
1357713342000,920,0.000814,0.002142
1357713343000,764,0.000770,0.001927
1357713344000,589,0.000944,0.002642
1357713345000,545,0.000928,0.001973
1357713346000,576,0.000800,0.003808
1357713347000,358,0.000825,0.002299
1357713348000,647,0.000881,0.002034
1357713349000,617,0.000813,0.001883
1357713350000,464,0.000835,0.002083
1357713351000,533,0.000761,0.001918
1357713352000,480,0.000916,0.002312
1357713353000,433,0.000892,0.001914
1357713354000,529,0.000795,0.001665
1357713355000,724,0.000810,0.002092
1357713356000,511,0.000864,0.001818
1357713357000,570,0.000874,0.003067
